Topic,Count,Name,Representation,Representative_Docs
0,1471,0_whatsapp mengatasnamakan_mengatasnamakan_nomor_penipuan,"['whatsapp mengatasnamakan', 'mengatasnamakan', 'nomor', 'penipuan', 'bupati', 'pesan whatsapp', 'modus', 'modus penipuan', 'mengatasnamakan kepala', 'mengimbau']","['akun whatsapp mengatasnamakan pj bupati kapuas beredar akun whatsapp mengatasnamakan penjabat pj bupati kabupaten kapuas erlin hardi akun tersebut menggunakan nama dan foto profil pj bupati kapuas erlin hardi dengan nomor akun whatsapp yang beredar tersebut dan merupakan modus penipuan kip kapuaskab go id nomor tersebut merupakan modus penipuan dengan menyalahgunakan identitas pj bupati kabupaten kapuas erlin hardi masyarakat diimbau untuk selalu berhati hati apabila menemukan hal serupa dan mengabaikan pesan tersebut atau dapat mengkonfirmasi kebenarannya terlebih dahulu ke call center hoaks', 'akun whatsapp mengatasnamakan pj bupati bulungan haerumuddin beredar akun whatsapp mengatasnamakan penjabat pj bupati bulungan haerumuddin akun tersebut menggunakan nama dan foto profil haerumuddin bersama isteri mengenakan baju dinas akun whatsapp yang beredar tersebut dan merupakan modus penipuan radartarakan jawapos com nomor tersebut merupakan modus penipuan dengan menyalahgunakan identitas pj bupati kabupaten bulungan haerumuddin kepala dinas komunikasi informatika dan persandian kabupaten bulungan andriana menegaskan bahwa nomor yang beredar bukanlah milik pj bupati bulungan nomor tersebut adalah palsu dan melakukan aksi penipuan masyarakat diimbau untuk selalu berhati hati apabila menemukan hal serupa untuk mengabaikan pesan tersebut atau dapat mengonfirmasi kebenarannya terlebih dahulu ke pihak terkait hoaks', 'akun whatsapp mengatasnamakan wakil bupati batanghari beredar akun whatsapp yang mengatasnamakan wakil bupati batanghari h bakhtiar sp akun tersebut terlihat mengirimi pesan kepada pengurus masjid dengan modus akan memberikan bantuan donasi per tahun sekali untuk seluruh tempat ibadah di wilayah pemerintah kabupaten pemkab batanghari akun whatsapp yang mengatasnamakan wakil bupati batanghari adalah penipuan pemkab batanghari melalui akun instagram resminya pemkabbatanghari mengklarifikasi bahwa akun whatsapp tersebut merupakan modus penipuan pihaknya mengimbau agar berhati hati terhadap modus penipuan yang mengatasnamakan pejabat pemkab batanghari hoaks']"
1,1261,1_presiden_jokowi_presiden jokowi_prabowo,"['presiden', 'jokowi', 'presiden jokowi', 'prabowo', 'joko widodo', 'joko', 'widodo', 'presiden joko', 'prabowo subianto', 'subianto']","['presiden joko widodo menemukan dokumen rahasia buat prabowo subianto tidak bisa jadi presiden unggahan video di facebook yang mengeklaim bahwa presiden joko widodo jokowi berhasil menemukan dokumen rahasia yang membuat menteri pertahanan menhan prabowo subianto tidak bisa menjadi presiden terlihat pada thumbnail video tersebut gambar presiden jokowi sedang menyampaikan pidato dengan narasi semua terkejut prabowo tak bisa jadi presiden jokowi temukan dokumen rahasia di istana kompas com klaim yang menyebutkan bahwa presiden jokowi berhasil menemukan dokumen rahasia yang membuat prabowo subianto tidak bisa menjadi presiden adalah keliru tidak ditemukan informasi yang kredibel terkait klaim yang beredar karena sang narator hanya membacakan artikel yang memuat opini terkait ketidakpantasan prabowo subianto menjadi seorang presiden sementara itu beberapa cuplikan video yang termuat dalam unggahan video tersebut pun tidak berkaitan dengan klaim penemuan dokumen rahasia oleh presiden jokowi terkait prabowo subianto hoaks', 'presiden prabowo tunjuk joko widodo jadi ketua umum partai gerindra unggahan foto di tiktok yang mengeklaim bahwa presiden prabowo subianto menunjuk joko widodo jokowi sebagai ketua umum ketum partai gerindra unggahan foto tersebut berisi narasi prabowo tunjuk jokowi ketum gerindra banteng panik presiden prabowo menunjuk jokowi sebagai ketum partai gerindra yang baru tirto id foto presiden prabowo bersama jokowi adalah kunjungan balasan dari jokowi ke kediaman presiden prabowo seperti diketahui pada november lalu presiden prabowo telah mengunjungi kediaman jokowi di kota solo provinsi jawa tengah adapun foto yang diunggah mengarah ke tribunnews com dengan judul pertemuan presiden prabowo subianto dengan presiden ke ri joko widodo pada jum at desember selain itu hoaks yang beredar berdasarkan narasi soal pemecatan jokowi dari partai demokrasi indonesia perjuangan pdip hingga saat ini presiden prabowo subianto masih tercatat sebagai ketum partai gerindra hoaks', 'presiden jokowi tawarkan gibran rakabuming raka jadi cawapres anies baswedan video di platform youtube yang mengeklaim bahwa presiden joko widodo jokowi mendatangi anies baswedan untuk menawarkan putranya gibran rakabuming raka menjadi pasangan calon wakil presiden cawapres di pemilihan presiden pilpres merdeka com klaim presiden jokowi mendatangi anies baswedan untuk menawarkan putranya gibran rakabuming raka menjadi pasangan cawapres di pilpres adalah foto yang serupa ditemukan pada situs voaindonesia com berjudul bertemu jokowi anies sandi tidak bahas reklamasi foto tersebut diambil pada pertemuan presiden jokowi dengan anies baswedan dan sandiaga uno di istana merdeka pada rabu oktober namun narator justru membacakan delapan kesepakatan kerja sama dari hasil pertemuan presiden jokowi dan xi jinping yang tidak ada kaitannya sama sekali dengan klaim yang disebutkan dalam judul video disinformasi']"
2,510,2_facebook mengatasnamakan_bupati_mengatasnamakan_palsu,"['facebook mengatasnamakan', 'bupati', 'mengatasnamakan', 'palsu', 'mengatasnamakan bupati', 'profil', 'foto profil', 'wali kota', 'wali', 'menggunakan foto']","['akun facebook mengatasnamakan bupati murung raya perdie m yoseph beredar di facebook sebuah akun yang mengatasnamakan bupati murung raya perdie m yoseph akun tersebut terlihat menggunakan nama serta foto profil dari bupati murung raya perdie m yoseph murungrayakab go id bupati murung raya perdie m yoseph secara pribadi memberikan klarifikasi serta mengimbau masyarakat untuk tidak menanggapi pesan yang mengatasnamakan dirinya dalam bentuk apapun karena akun tersebut terindikasi hoaks dan disinyalir memiliki tujuan dengan motif tertentu hoaks', 'akun facebook mengatasnamakan pj bupati gayo leus suhaidi s pd m si beredar akun facebook yang mengatasnamakan penjabat pj bupati gayo leus suhaidi s pd m si akun tersebut terlihat menggunakan foto profil bupati suhaidi dengan nama akun suhaidi msi akun facebook tersebut bukan milik dari pj bupati bupati gayo leus suhaidi s pd m si baranewsaceh co akun facebook tersebut merupakan akun palsu dengan modus penipuan pemerintah kabupaten gayo lues melalui dinas komunikasi dan informatika diskominfo secara resmi mengeluarkan peringatan kepada masyarakat untuk tidak melayani permintaan pertemanan pesan atau bentuk komunikasi apa pun dari akun tersebut dan dipastikan bahwa akun tersebut bukan akun resmi milik bupati suhaidi dinas komunikasi dan informatika diskominfo juga menegaskan bahwa segala bentuk komunikasi resmi dari bupati gayo lues dilakukan melalui saluran dan akun yang telah terverifikasi oleh pemerintah daerah hoaks', 'akun facebook mengatasnamakan bupati labuhanbatu selatan beredar akun facebook mengatasnamakan bupati labuhanbatu selatan h edimin akun tersebut terlihat menggunakan nama dan foto profil h edimin dinas komunikasi dan informatika diskominfo kabupaten labuhanbatu selatan melalui akun facebook resminya diskominfolabusel mengklarifikasi bahwa akun facebook yang beredar tersebut adalah akun palsu pihaknya mengimbau kepada masyarakat agar berhati hati terhadap penipuan yang mengatasnamakan bupati labuhanbatu selatan h edimin hoaks']"
3,575,3_vaksin_vaksin covid_vaksinasi_vaksinasi covid,"['vaksin', 'vaksin covid', 'vaksinasi', 'vaksinasi covid', 'pfizer', 'divaksin', 'sinovac', 'efek', 'uji', 'dosis']","['penerima vaksin sinovac tidak boleh melakukan booster vaksin covid pfizer atau moderna pesan berantai pada aplikasi whatsapp pesan tersebut mengklaim bahwa orang yang sudah menerima vaksin sinovac tidak bisa mendapat booster vaksin covid pfizer atau moderna pada pesannya diceritakan bahwa ada seorang dokter yang sudah menerima vaksin sinovac meninggal dunia akibat booster menggunakan vaksin covid mrna pfizer klaim bahwa penerima vaksin sinovac tidak dapat booster vaksin covid pfizer atau moderna tersebut adalah juru bicara vaksinasi covid kementerian kesehatan ri dr siti nadia tarmizi menerangkan bahwa sampai saat ini tindakan booster pakai vaksin covid pfizer atau moderna bagi yang telah menerima vaksin sinovac masih aman dan dapat dilakukan ketua komisi nasional kejadian ikutan pasca imunisasi komnas kipi hindra irawan satari menambahkan bahwa pesan berantai tersebut sejauh ini tidak ada laporan yang diterima komnas kipi terkait vaksin moderna digunakan untuk booster hoaks', 'kepala peneliti pfizer sebut vaksin covid untuk sterilisasi wanita informasi yang mengklaim bahwa vaksin covid bisa menyebabkan sterilisasi pada wanita kabar tersebut bermula dari sebuah artikel berbahasa inggris dengan judul kepala penelitian pfizer vaksin covid merupakan sterilisasi untuk wanita dalam artikel itu tertulis vaksin covid mengandung protein yang disebut dengan syncytin zat itu diduga bisa mempengaruhi plasenta pada manusia akibatnya kandungan protein dalam vaksin saat membentuk imunitas bisa menyebabkan kemandulan berdasarkan penelusuran kumparan com yang mengutip dari lembaga factcheck org merupakan kabar hoaks tidak ada vaksin covid yang telah disetujui mengandung syncytin hasil penelitian tersebut ditegaskan oleh american college of obstetricians and gynecologists pada februari dalam laporan itu menyebutkan pada penelitian terbatas tersebut tidak ada masalah kemandulan dari ribuan peserta uji coba vaksin covid dalam studi vaksin moderna yang dilakukan pada hewan juga tidak menunjukkan dampak pada reproduksi wanita bahkan turunnya kesuburan akibat efek samping dari vaksin covid juga belum ditemukan dalam sejumlah penelitian oleh pusat pengendalian dan pencegahan penyakit amerika serikat cdc disinformasi', 'vaksin covid yang diberikan ke pejabat negara adalah plasebo yang mengklaim bahwa vaksin covid yang diberikan kepada pejabat negara merupakan vaksin plasebo hal itu dikaitkan dengan nomor yang tertera pada botol vaksin dimana data vaksin semua pejabat negara bernomor id 70251501cov dosis dan dosis angka di belakang disebut menunjukkan kode plasebo adalah keliru kompas com humas badan pengawas obat dan makanan bpom menegaskan bahwa vaksin yang telah mendapat izin edar bukanlah plasebo sampai saat ini ada vaksin covid yang sudah mendapatkan izin penggunaan dan bpom tidak mengeluarkan izin untuk vaksin plasebo terkait nomor id yang disebut dalam beredar kemungkinan besar adalah nomor batch nomor batch pada sejumlah botol akan sama karena itu adalah kode produksi untuk melacak satu set produk identik juru bicara vaksin covid dari pt bio farma bambang heriyanto menjelaskan kemasan vaksin sinovac yang digunakan di indonesia umumnya berisi nama produk komposisi vaksin petunjuk penyimpanan nama produsen nomor batch expired date atau production date dan precaution jika harus resep dokter adapun mengutip dari artikel kompas berjudul pfizer tawarkan vaksin covid kepada relawan yang mendapat plasebo dijelaskan bahwa vaksin plasebo hanya diberikan kepada relawan saat uji klinis vaksin covid untuk melihat potensi suatu obat atau vaksin disinformasi']"
4,487,4_lowongan_lowongan kerja_kerja_pekerjaan,"['lowongan', 'lowongan kerja', 'kerja', 'pekerjaan', 'lowongan pekerjaan', 'tautan', 'rekrutmen', 'pendaftaran', 'puskesmas', 'kerja mengatasnamakan']","['lowongan kerja pt surveyor indonesia facebook yang berisi informasi lowongan pekerjaan di pt surveyor indonesia lowongan tersebut menawarkan beberapa posisi dan pelamar diarahkan untuk menghubungi melalui whatsapp jika berminat turnbackhoax id informasi lowongan kerja tersebut adalah situs bersamabumn com tidak terdapat unggahan serupa yang menunjukan adanya pembukaan lowongan pekerjaan secara besar besaran selain itu pt surveyor indonesia juga tidak pernah mencantumkan nomor whatsapp pada saat proses rekrutmen pegawai hoaks', 'lowongan pekerjaan atau rekrutmen pt panasonic facebook yang memberikan informasi lowongan pekerjaan atau rekrutmen di pt panasonic dalam unggahan tersebut disertai dengan tautan untuk pendaftaran klaim adalah turnbackhoax id setelah mengakses tautan yang tersemat dalam unggahan tautan tersebut tak mengarah ke laman resmi pt panasonic warganet justru diminta mengisi nama lengkap sesuai ktp dan nomor telegram aktif selain itu tidak ditemukan informasi lowongan kerja atau rekrutmen dalam laman resmi hoaks', 'tautan pendaftaran lowongan kerja pt adaro indonesia unggahan video di tiktok yang berisi informasi lowongan pendaftaran kerja di pt adaro indonesia pada profil akun tersebut tertera sebuah tautan yang diklaim merupakan tautan pendaftaran lowongan tersebut adalah turnbackhoax id tautan yang ada pada profil tidak mengarah ke laman resmi pt adaro adaroindonesia com para pendaftar justru diminta menuliskan nama lengkap dan nomor handphone yang terhubung dengan akun telegram setelah menelusuri informasi lowongan pekerjaan di laman karier adarocareer com ada sejumlah lowongan kerja yang saat ini dibuka untuk lulusan baru hingga profesional namun tidak ada lowongan untuk posisi yang tertera sebagaimana dalam unggahan akun tiktok tersebut dan perusahaan juga tidak pernah mencantumkan nominal gaji dalam informasi resminya sudah dipastikan bahwa informasi ini merupakan phishing atau penipuan']"
5,480,5_surat_undangan_bkn_mengatasnamakan,"['surat', 'undangan', 'bkn', 'mengatasnamakan', 'surat edaran', 'edaran', 'surat undangan', 'ojk', 'surat mengatasnamakan', 'surat palsu']","['surat undangan penyerahan sk cpns tahap bkn kantor regional surabaya hasil tangkapan layar berupa surat undangan penyerahan surat keputusan sk calon pegawai negeri sipil cpns tahap pemerintah provinsi jawa timur mengatasnamakan badan kepegawaian negara kantor regional ii bkn kanreg ii surabaya surat tersebut ditujukan kepada orang cpns yang namanya disertakan pula pada surat beredar itu surat undangan penyerahan sk cpns tahap pemerintah provinsi jawa timur mengatasnamakan bkn kanreg ii surabaya tersebut adalah bkn kanreg ii surabaya melalui akun instagram resminya bkn2surabaya menegaskan bahwa surat tersebut adalah palsu alias hoaks hoaks', 'surat mengatasnamakan bkn tentang peserta cpns membayar administrasi sebesar ribu untuk pembekalan beredar di surat mengatasnamakan bkn badan kepegawaian negara di denpasar yang berisi tentang calon pegawai negeri sipil cpns perlu membayar uang administrasi sebesar ribu jika ingin mengikuti pembekalan dalam surat tersebut disebutkan akan ada kegiatan pembekalan cpns di lingkungan pemerintah provinsi kota dan kabupaten yang dilaksanakan tanggal dan november instagram resmi bkn bkngoidofficial surat tersebut palsu dan bukan merupakan produk mereka pihak bkn dalam melakukan seleksi cpns tidak melakukan pemungutan biaya bkn sudah beberapa kali menyanggah surat palsu yang beredar terkait pns bulan lalu ada dokumen palsu yang beredar mengenai status pengangkatan pns bkn pun mengingatkan bahaya penipuan yang biasanya berkaitan surat keputusan sk dan simulasi tes cpns hoaks', 'surat undangan seminar nasional bimtek februari mengatasnamakan lan ri surat mengatasnamakan lembaga administrasi negara republik indonesia lan ri dalam surat tersebut tertulis undangan seminar nasional bimtek yang akan dilaksanakan pada februari di bogor jawa barat surat tersebut menggunakan kop surat seolah dikeluarkan oleh lan ri surat undangan seminar nasional bimtek yang mengatasnamakan lan ri tersebut dan bukan merupakan surat resmi yang dikeluarkan oleh lan ri pada resmi milik lan ri lan ri diklarifikasi bahwa surat tersebut bukan surat asli yang dirilis lan ri surat yang beredar tersebut merupakan surat palsu lan ri mengimbau masyarakat agar waspada dengan beredarnya surat tersebut informasi mengenai lan ri dapat dilihat pada halaman atau pada resmi milik lan ri disinformasi']"
6,392,6_corona_pasien_positif_positif corona,"['corona', 'pasien', 'positif', 'positif corona', 'virus', 'terinfeksi', 'rsud', 'pasien corona', 'china', 'corona covid']","['pasien terjangkit corona di rshs bandung di twitter yang menyebutkan bahwa di rshs bandung sudah ada seorang yang fiks kena corona menurut staf khusus presiden bidang sosial angkie yudistia ia mengatakan bahwa dua pasien yang diduga terpapar corona di rumah sakit hasan sadikin rshs bandung itu hoaks selain itu juga dibantah oleh direktur utama rshs jawa barat nina susana dewi yang mengatakan agar masyarakat tidak resah dan gelisah terhadap dugaan dua pasien yang terpapar corona ia pun menegaskan jika informasi di luar yang menyebutkan adanya pasien positif terkena corona itu hoaks hoaks', 'pasien di makasar positif corona telah beredar pesan berantai whatsapp mengatakan bahwa ada pasien di salah satu rumah sakit di makasar sulawesi selatan positif corona menurut kepala dinas kesehatan kota makassar dr naisyah tun azikin hingga saat ini belum ada satupun warga makassar yang terjangkit corona jadi kami tegaskan belum ada satupun warga makassar yang terjangkit corona yang beredar kabar itu hanya hoax ujar naisyah hoaks', 'pasien corona di rsud bahteramas beredar pesan di sebuah informasi tentang adanya pasien tenaga kerja asing tka yang dirawat rsud bahteramas akibat terjangkit corona setelah di telusuri plt dirut rsud bahteramas kendari dr sjarif subijakto menegaskan bahwa kabar adanya satu pasien positif corona yang dirawat di rsud bahteramas atau hoaks karena sampai saat ini belum ada pasien suspect yang diduga tertular corona terkait adanya wabah penyebaran corona beliau menghimbau masyarakat agar tidak perlu panik menghadapi kasus ini masyarakat juga diminta untuk meningkatkan kewaspadaan saja dengan menerapkan pola hidup bersih dan sehat phbs hoaks']"
7,584,7_masjid_islam_agama_muslim,"['masjid', 'islam', 'agama', 'muslim', 'al', 'rizieq', 'habib', 'salat', 'umat', 'ulama']","['masjid masjid di china kembali terbuka setelah china dilanda corona telah video di sosial media dengan mengatakan bahwa setelah china dilanda corona allah beri hadiah kepada umat muslim di china yaitu terbukanya masjid masjid di seluruh daratan china informasi dalam video tersebut adalah keliru karena hanya ada satu masjid yang terletak di provinsi qinghai yaitu masjid dongguan selain itu berdasarkan penelusuran tidak ditemukan berita yang mengatakan bahwa masjid dongguan kembali dibuka setelah sebelumnya situs fatabayyano net mengabarkan bahwa masjid tersebut ditutup berdasarkan kebijakan pemerintahnya artinya narasi dengan video yang diunggah oleh akun akun di adalah tidak berhubungan dan keliru disinformasi', 'islam tdk boleh ditegakkan hoaks beredar di pesan berantai yang berisi informasi tentang peristiwa di angola di mana agama islam dilarang dan tidak diakui isi dari pesan berantai tersebut angola byk utang ma cina konsekuen nya islam tdk boleh ditegakkan byk mesjid ditutup akhirnya pd sholat di jalanan ditembaki oleh polisi hello muslim indonesia elo mau digituin jangan sampai indonesia seperti anggola setelah tak boleh bayar hutang sama cina maka negara itu tidak bisa berbuat apa apa karena semua apa yang ada di anggola telah di kuasai cina ummat muslim dkriminalisasi mesjid ditutup dan lain lainnya selain itu banyak masjid yang dirubuhkan dan dibakar karena dianggap ilegal dan tak berizin pesan itu menyebar secara viral dan meminta umat islam bereaksi informasi yang beredar mengenai pelarangan islam dan pembakaran serta pengrusakan masjid di angola atau hoaks kejadian itu memang pernah terjadi tahun lalu namun saat ini islam sudah diterima di angola', 'takmir masjid kauman larang prabowo jum atan hoaks disinformasi telah beredar postingan atau berita di facebook yang menjelaskan tentang tuh kan kh hanief ismail takmir masjid kauman yang larang prabowo jum atan dengan dalih masjid bukan untuk politik prabowo menjelaskan saya kira takmir masjid sudah benar bahwa siapa pun boleh menunaikan salat jumat di masjid agung kauman semarang yang beliau masalahkan itu kan adanya pamflet dan spanduk di sekitar masjid apakah itu dibenarkan menurut peraturan perundang undangan meskipun bentuknya hanya ucapan selamat datang dan pemberitahuan atau undangan untuk melaksanakan salat jumat bersama pak prabowo kata wakil ketua umum mui zainut tauhid sa adi saat dihubungi detik com kamis malam sedangkan takmir masjid sendiri menjelaskan sebelumnya takmir masjid kauman semarang keberatan dengan adanya pamflet ajakan yang tersebar di medsos serta spanduk selamat datang dan poster capres cawapres nomor di dekat masjid kauman pihak masjid tidak melarang prabowo untuk salat jumat hanya saja khawatir pamflet dan spanduk itu membuat masjid seolah menjadi tempat berpolitik saat ini selain postingan pamflet dihapus spanduk dan poster di dekat masjid kauman sudah dicabut']"
8,284,8_china_cina_tka_tiongkok,"['china', 'cina', 'tka', 'tiongkok', 'tentara', 'asing', 'warga negara', 'tenaga kerja', 'pekerja', 'bahasa']","['tni sebut cina sudah sangat berharga untuk indonesia yang mengeklaim bahwa tni mundur terhadap cina karena dianggap telah berjasa bagi negara unggahan tersebut berisi narasi wn china menyerang tni di ketapang kalimantan barat tni kita memilih mundur bukan takut tapi china sudah sangat berjasa bagi negara kita klaim bahwa tni sebut cina sudah sangat berharga untuk indonesia turnbackhoax id tidak ditemukan pernyataan resmi regulasi maupun pemberitaan kredibel yang menyebut tni sebut china sudah sangat berharga untuk indonesia setelah ditelusuri foto yang digunakan merupakan foto kepala pusat penerangan kapuspen tni freddy ardianzah dalam konferensi pers gladi bersih jelang hari ulang tahun hut ke tni kemudian foto yang diduga menampilkan rombongan warga negara cina merupakan gambar lama yang menampilkan ratusan tenaga kerja asing tka asal cina yang pulang kampung melalui bandara sultan babullah akehuda ternate utara menuju jakarta pada mei tidak terdapat pernyataan yang menyebutkan tni mundur terhadap warga negara cina karena dianggap berjasa bagi negara', 'empat puluh ribu tka china di morowali sedang dalam pengawasan karantina beredar kabar di media asing perancis france24 mengungkap adanya empat puluh ribu tenaga kerja asing asal china yang sedang dalam pengawasan karantina dan mempersoalkan banyaknya jumlah tenaga kerja asing setelah ditelusuri media dengan nama france24 memang memuat sebuah artikel berita berjudul thousands on virus lockdown at china backed plant in indonesia di laman situs france24 com pada januari namun klaim adanya ribu tenaga kerja asal china di morowali yang sedang dalam pengawasan pada artikel berita france24 jumlah tenaga kerja asal china yang ditulis sebagai guest workers from mainland china hanya sekitar angka lebih dari yang dimaksud adalah sekitar merupakan jumlah keseluruhan pekerja yang ada di pt indonesia morowali industrial park baik tenaga kerja lokal maupun tenaga kerja asing disinformasi', 'eksodus tenaga kerja asing china ilegal ke indonesia beredar di facebook dengan narasi ngeri indonesia akan menjadi palestina ke eksodus pendatang ilegal orang orang yahudi ke palestina tidak bisa bahasa arab eksodus tka cina ilegal ke indonesia tidak bisa bahasa indonesia setelah ditelusuri melalui liputan6 com kabar tentang eksodus tenaga kerja asing tka china ilegal ke indonesia ternyata isu ini pernah beredar pada tahun namun dibantah menteri ketenagakerjaan hanif dhakiri dengan tegas dia memastikan tak ada eksodus atau banjir pekerja asal china di indonesia per mei jumlah tka asal china sebesar orang disinformasi']"
9,262,9_suara_kpu_pemilu_pemilihan,"['suara', 'kpu', 'pemilu', 'pemilihan', 'surat suara', 'pemilihan umum', 'pilkada', 'tps', 'kotak', 'pilpres']","['data kpu hasil pemilu sudah jadi video yang mengeklaim bahwa hasil pemilihan umum pemilu sudah disiapkan oleh komisi pemilihan umum kpu video tersebut disertai narasi ini data kpu hasil pemilu luar biasa negeri ini memang sakti pemungutan suara belum dilakukan hasilnya sudah ditentukan dilansir medcom id klaim yang menyebut bahwa hasil pemilu sudah disiapkan oleh kpu adalah salah ketua kpu hasyim asy ari menegaskan bahwa video viral tersebut tidak masuk akal dan mengada ada sementara itu pemilu baru akan digelar pada februari mendatang saat ini kpu masih melakukan sejumlah tahapan menuju pemilu hoaks', 'ketuk palu surat suara terbanyak ada di kecamatan kantor camat disinformasi pesan berantai di whatsapp mengenai ajakan untuk mengawal suara ajakan tersebut mengajak kubu pendukung capres tertentu untuk mengawasi penghitungan suara di kantor kecamatan hal tersebut dikarenakan penghitungan suara yang dianggap sah oleh kpu bukan di tps atau c5 melainkan surat suara di kecamatan kantor camat penghitungan surat suara sudah dilakukan mulai dari tps masing masing wilayah secara manual kemudian rekapitulasi suara akan dilakukan secara bertingkat mulai dari tingkat desa atau kelurahan kemudian rekapitulasi suara di tingkat kabupaten kota oleh kpu kabupaten kota rekapitulasi suara tingkat provinsi oleh kpu provinsi yang nantinya akan bermuara pada rekapitulasi hasil penghitungan suara di seluruh kpu provinsi oleh kpu ri sehingga penghitungan surat suara di tps sudah dianggap sah oleh kpu bahkan kpu akan mendahulukan penghitungan suara pilpres di tps terlebih dahulu untuk mempercepat dan mempermudah proses penghitungan serta kpu juga menilai hal ini akan membuat masyarakat lebih antusias mengawal proses pemilu', 'hasil exit poll pemilu di luar negeri beredar di situs dan twitter x tangkapan layar hasil perhitungan sementara exit poll pemilihan umum pemilu dari ketiga pasangan calon paslon di melbourne australia medcom id komisi pemilihan umum kpu ri menyebut hasil penghitungan sementara atau exit poll yang beredar di dari hasil pemilu di melbourne australia kpu juga membantah adanya hasil penghitungan suara pilpres di luar negeri sementara itu ketua kpu ri hasyim asy ari menegaskan kpu melarang adanya hasil exit poll hingga jajak pendapat atau survei tentang pemilu pada masa tenang dalam peraturan komisi pemilihan umum pkpu nomor tahun masa tenang pemilu dimulai pada minggu februari pengambilan suara memang sudah dilakukan di luar negeri sejak awal februari namun penghitungan baru akan dilakukan serentak pada februari hoaks']"
10,291,10_undian_bank_berhadiah_undian berhadiah,"['undian', 'bank', 'berhadiah', 'undian berhadiah', 'tautan', 'bri', 'nasabah', 'bca', 'pendaftaran', 'hadiah']","['undian berhadiah mengatasnamakan bri unggahan foto di facebook yang mengklaim adanya undian berhadiah dari bank rakyat indonesia bri nasabah dapat melakukan pendaftaran undian tersebut dengan mengklik tautan yang tersedia klaim adanya undian dari bri adalah tirto id tautan tersebut tidak menuju ke situs resmi bri selain itu melalui resmi facebook bank bri tidak ditemukan unggahan terkait undian berhadiah pihak bri mengimbau nasabah untuk menjaga data pribadi otp maupun pin serta meminta masyarakat untuk melaporkan akun atau tautan palsu yang mengatasnamakan bri ke telepon atau email di hoaks', 'undian berhadiah mengatasnamakan bank mandiri unggahan foto di facebook yang mengeklaim adanya undian berhadiah dari bank mandiri nasabah dapat melakukan pendaftaran undian tersebut dengan mengeklik tautan yang tersedia klaim adanya undian dari bank mandiri adalah kompas com tautan tersebut tidak menuju ke situs resmi bank mandiri selain itu facebook resmi bank mandiri tidak pernah memberikan tautan atau meminta data data pribadi nomor kartu debit kredit masa berlaku kartu tanggal lahir pin maupun user identification identitas pengguna para nasabah pihak bank mandiri mengimbau kepada para nasabah untuk selalu menjaga data pribadi mewaspadai berbagai modus penipuan yang marak beredar selama ramadan hingga lebaran hoaks', 'festival undian berhadiah bank muamalat unggahan foto di facebook yang mengeklaim adanya narasi festival undian berhadiah dari bank muamalat nasabah dapat melakukan pendaftaran undian tersebut dengan mengeklik tautan yang tersedia klaim adanya undian dari bank muamalat adalah tirto id tautan tersebut tidak menuju ke situs resmi bank muamalat selain itu melalui akun resmi facebook bank muamalat tidak ditemukan unggahan terkait undian berhadiah adapun kanal resmi bank muamalat termuat dalam laman situs nasabah diimbau untuk menjaga data pribadi kode otp maupun pin untuk menghindari terjadinya penipuan hoaks']"
11,205,11_penculikan_pelaku_sekolah_seorang anak,"['penculikan', 'pelaku', 'sekolah', 'seorang anak', 'polres', 'organ', 'sdn', 'anak anak', 'laki', 'diculik']","['penculikan anak di pasangkayu beredar di facebook terkait isu penculikan anak di pasangkayu dengan modus memberikan uang dan gula gula permen pada korban menurut kasat intelkam iptu rahmatullah se pihak polres mamuju utara menyatakan bahwa masyarakat belum ada yang melaporkan penculikan anak ataupun penangkapan penculikan sehingga dipastikan informasi penculikan tersebut adalah berita hoaks atau hoaks', 'penculikan anak di bandung barat di facebook dengan narasi bahwa telah tertangkap pelaku penculikan anak di desa mekarwangi kecamatan sindang ada imbauan agar yang memiliki anak kecil berhati hati karena kasus penculikan anak sudah sampai di cibeber informasi penculikan anak tersebut telah dibantah oleh kapolsek sindangkerta akp surahmat beliau mengatakan bahwa atau hoaks pihaknya meminta agar masyarakat yang menerima informasi dari atau sumber lain untuk mengecek dahulu kebenarannya sebelum disebarluaskan kembali hoaks', 'penculikan anak di desa bringkang kecamatan menganti postingan di facebook telah terjadi penculikan di desa bringkang kecamatan menganti jam sore dalam postingan itu juga terdapat kronologi kejadian penculikan di desa bringkang kecamatan menganti polsek menganti langsung mendatangi lokasi yang diduga terjadi penculikan anak itu kapolsek menganti akp tatag sutrisno mengatakan tidak ada penculikan kejadian sebenarnya adalah orang mau mencuri ketahuan terus lari dan anaknya juga tidak digendong akp tatag memastikan bahwa semua informasi tentang penculikan anak di menganti adalah disinformasi']"
12,203,12_meninggal_meninggal dunia_meninggalnya_mantan,"['meninggal', 'meninggal dunia', 'meninggalnya', 'mantan', 'sakit', 'tewas', 'kematian', 'rumah sakit', 'sehat', 'jenazah']","['prabowo subianto meninggal dunia gibran rakabuming raka jadi presiden unggahan foto di facebook yang bertuliskan narasi prabowo meninggal dunia gibran presiden dunia hebaaat kabar prabowo subianto meninggal dunia adalah kompas com sehari setelah pemungutan suara pemilihan umum pemilu prabowo berziarah ke makam ayahnya di tempat pemakaman umum tpu karet bivak kota jakarta pusat setelah itu prabowo juga berziarah ke makam ibunya di tpu tanah kusir kota jakarta selatan sejauh ini tidak ditemukan bukti dan pemberitaan yang menginformasikan prabowo subianto meninggal dunia hoaks', 'ibu rusmini meninggal dunia setelah ditendang anaknya disinformasi telah beredar pesan berantai yang mengatakan bahwa ibu rusmini yang sedang viral di telah meninggal dunia akibat ditendang kepalanya oleh anaknya sendiri setelah ditelusuri lebih lanjut tidaklah benar adanya novi selaku anak kedua almarhumah mengatakan bahwa ibunya meninggal dunia karena komplikasi jantung dan paru paru bukan karena kejadian yang sempat viral di beberapa waktu lalu', 'krisdayanti meninggal dunia artikel di yang berjudul krisdayanti meninggal dunia diduga dibekap suami pakai bantal yang ditayangkan pada juli liputan6 com menelusuri klaim tentang penyanyi krisdayanti meninggal dunia hasilnya terdapat beberapa artikel yang menjelaskan mengenai kabar tersebut dalam artikel tersebut dijelaskan bahwa yang menjadi korban pembunuhan adalah hermita krisdayanti bukan penyanyi krisdayanti korban merupakan perempuan berusia tahun yang tinggal di kelurahan muara fajar kecamatan rumbai pesisir pekanbaru riau klaim tentang penyanyi krisdayanti meninggal dunia ternyata alias hoaks kabar yang beredar viral menggunakan judul yang menyesatkan disinformasi']"
13,284,13_mahasiswa_aksi_demo_demonstrasi,"['mahasiswa', 'aksi', 'demo', 'demonstrasi', 'gedung', 'aksi demonstrasi', 'dpr', 'rasa', 'unjuk rasa', 'unjuk']","['video demo buruh menolak uu cipta kerja di depan gedung dpr ri video di facebook dan youtube yang memperlihatkan sebuah aksi unjuk rasa narasi atau caption yang menyertai unggahan video itu mengklaim peristiwa dalam video merupakan aksi demonstrasi buruh menentang uu cipta kerja di depan gedung dpr ri pada awal bulan oktober klaim yang menyebut video yang beredar itu merupakan aksi demonstrasi buruh menentang uu cipta kerja di depan gedung dpr ri adalah salah video tersebut merupakan video lama yang menunjukkan aksi unjuk rasa di depan gedung dpr ri di jakarta pada bulan september berdasarkan hasil penelusuran diketahui video yang beredar luas di itu merupakan video asli kompas tv yang diunggah di saluran youtubenya pada tanggal september video berjudul terkini memanas polisi lepaskan water canon ke demonstran di depan gedung dpr ri tersebut memperlihatkan aksi demonstrasi massa yang menentang revisi kuhp disinformasi', 'demo di gedung dpr ri pada mei banjir darah video di youtube yang mengeklaim demo mahasiswa yang terjadi di gedung dewan perwakilan rakyat republik indonesia dpr ri pada mei kemarin dibanjiri oleh darah hingga membuat presiden joko widodo jokowi kabur klaim dalam video tersebut turnbackhoax id video tersebut menjelaskan bahwa demo tersebut dilakukan oleh para mahasiswa dari universitas trisakti mereka melakukan demo tersebut dalam rangka untuk menyuarakan tragedi mei yang mana pada saat itu ada mahasiswa universitas trisakti yang menjadi korban jiwa dalam aksi demonstrasi menuntut soeharto turun dari jabatan presiden pada tanggal mei menurut liputan6 com ratusan mahasiswa memaksa masuk ke dalam gedung dpr ri namun aksi mereka tertahan oleh pihak pembinaan dan pengamanan dalam pamdal dan aparat kepolisian aksi tersebut diwarnai kericuhan hingga membuat massa melempar sebuah traffic cone ke arah petugas yang berjaga dilansir pula dalam rctiplus com saat ini para pendemo yang menjebol pagar gedung dpr sudah berhasil diatasi dan sudah membubarkan diri meski beberapa mahasiswa masih menunggu di luar pagar dan tidak disebutkan jika dalam demo mei kemarin ada korban luka berat atau pun korban meninggal pada peristiwa tersebut hoaks', 'video mahasiswa masuk gedung dpr ri pada april video memperlihatkan sekumpulan mahasiswa tengah berdemo di dalam suatu gedung yang diunggah pada april dinarasikan dalam video tersebut bahwa mahasiswa berhasil memasuki gedung dpr ri peristiwa dalam video tersebut bukan kejadian pada april di gedung dpr ri melainkan aksi demonstrasi mahasiswa universitas islam riau uir pada september saat para mahasiswa berhasil masuk ke gedung dprd riau video tersebut merupakan potongan dari video berjudul ribuan mahasiswa uir demo ke kantor dprd sampai masuk ke dalam kantor dprd demo september yang diunggah oleh kanal youtube bima ady putra pada september lalu potongan video serupa dapat dilihat pada menit hingga disinformasi']"
14,300,14_ditangkap_penangkapan_polisi_kpk,"['ditangkap', 'penangkapan', 'polisi', 'kpk', 'kasus', 'panji', 'panji gumilang', 'gumilang', 'tersangka', 'tahanan']","['panji gumilang telah ditangkap atas perintah kapolri dan menko polhukam video di facebook yang mengeklaim bahwa pemimpin pondok pesantren ponpes al zaytun panji gumilang telah ditangkap oleh brimob atas perintah kapolri listyo sigit prabowo dan menteri koordinator bidang politik hukum dan keamanan menko polhukam mahfud md turnbackhoax id klaim panji gumilang ditangkap atas perintah kapolri listyo sigit prabowo dan menko polhukam mahfud md adalah dalam video tersebut tidak ada pernyataan resmi yang menyatakan bahwa panji gumilang telah ditangkap dalam video yang beredar terlihat gubernur jawa barat ridwan kamil yang tengah menyampaikan laporan mengenai tinjauan ponpes al zaytun pada video aslinya yang diunggah pada tanggal juni gubernur jawa barat ridwan kamil masih menyampaikan rekomendasi kepada polri dan kemenko polhukam untuk segera melakukan pembubaran terhadap ponpes al zaytun hal tersebut disampaikan usai dilakukan peninjauan secara langsung terhadap ponpes yang terdapat di kabupaten indramayu ini disinformasi', 'pondok pesantren al zaytun disegel polisi video di facebook yang mengeklaim bahwa pondok pesantren ponpes al zaytun di kabupaten indramayu jawa barat disegel polisi pada thumbnail video terdapat gambar yang memperlihatkan sejumlah polisi sedang menangkap pimpinan ponpes al zaytun panji gumilang berdasarkan hasil penelusuran kompas com gambar pada thumbnail video identik dengan foto dalam artikel detik com berjudul kabareskrim sarankan ortu tarik anaknya dari ponpes shiddiqiyah jombang dalam gambar aslinya pria yang ditangkap bukan panji gumilang tetapi moch subchi azal tsani alias mas bechi yang merupakan terdakwa kasus pemerkosaan terhadap santriwati di pesantren majma al bahrain hubbul waton minal iman shiddiqiyyah kabupaten jombang jawa timur setelah dilakukan pengecekan isi video tidak ditemukan informasi soal penyegelan ponpes al zaytun narator video hanya membacakan artikel dari depok suara com berjudul panji gumilang remehkan tudingan penistaan agama dan pelecehan seksual pendiri al zaytun jawab santai itu ngayal artikel tersebut memuat pernyataan panji gumilang yang membantah soal tuduhan penistaan agama selain itu narator video juga membacakan artikel di laman bandung viva co id berjudul alumni ponpes al zaytun bongkar adzan nyeleneh ada di zaman saya saat mau lulus artikel tersebut memuat pernyataan salah satu alumnus ponpes al zaytun terkait cara azan yang nyeleneh sampai saat ini tidak ditemukan informasi valid soal penyegelan ponpes al zaytun disinformasi', 'sebanyak anak buah panji gumilang ditangkap oleh aparat kepolisian unggahan video di facebook yang mengeklaim bahwa sebanyak anak buah pemimpin pondok pesantren ponpes al zaytun panji gumilang ditangkap oleh aparat kepolisian unggahan video tersebut berdurasi menit detik berjudul anak buah panji gumilang dit4ngk4p ada sosok jendral dibelakang al zaytun dalam thumbnail video yang ditampilkan terdapat gambar sejumlah orang menggunakan jas tahanan berwarna oranye dan dikawal oleh aparat kepolisian berdasarkan hasil penelusuran klaim dalam unggahan video adalah keliru tidak terdapat kesesuaian antara judul video dengan isi video yang beredar kompas com dibacakan dalam video merupakan artikel yang termuat dalam laman pekanbaru tribunnews com berjudul panji gumilang dipenjara bulan dan pecat guru ini rekam jejak pimpinan al zaytun selain itu foto yang identik dengan gambar thumbnail yang beredar termuat dalam artikel tribunnews com yang diunggah pada november yang menampilkan pemindahan tahanan kasus tindak pidana korupsi dari jakarta ke surabaya oleh komisi pemberantasan korupsi kpk disinformasi']"
15,199,15_juta_bantuan_dana_ai,"['juta', 'bantuan', 'dana', 'ai', 'uang', 'artificial intelligence', 'artificial', 'intelligence', 'intelligence ai', 'membagikan']","['video purbaya beri bantuan uang tunai rp10 juta hingga rp50 juta unggahan video di yang mengeklaim menteri keuangan purbaya yudhi sadewa memberikan bantuan uang tunai senilai rp10 juta hingga rp50 juta kepada masyarakat video purbaya memberikan bantuan uang tunai senilai rp10 juta hingga rp50 juta merupakan hoaks kompas com setelah dilakukan penelusuran menggunakan hive moderation menunjukkan video tersebut terdeteksi dihasilkan artificial intelligence ai konten tersebut memanipulasi foto purbaya dari laman kaltimpost jawapos com peristiwa dalam video itu adalah momen ketika purbaya menyampaikan arah kebijakan awalnya sebagai menteri keuangan pada senin september purbaya tidak pernah mengumumkan pemberian bantuan uang tunai rp10 juta hingga rp50 juta', 'sri mulyani bagi bagi uang rp50 juta untuk modal usaha beredar video di tiktok yang mengeklaim bahwa menteri keuangan sri mulyani akan bagi bagi uang rp50 juta untuk modal usaha dengan syarat membagikan unggahan ke teman klaim dari video tersebut turnbackhoax id video yang menginformasikan tentang sri mulyani membagikan uang sebesar rp50 juta merupakan kecerdasan buatan atau artificial intelligence ai dan digunakan untuk modus penipuan sri mulyani hanya memiliki dua akun yakni akun instagram smindrawati dan facebook sri mulyani indrawati hoaks', 'jusuf hamka adakan kuis susun kata berhadiah rp50 juta sebuah unggahan video di facebook yang mengeklaim pengusaha jusuf hamka mengadakan kuis susun kata dengan hadiah rp50 juta unggahan tersebut adalah berdasarkan penelusuran yang dilakukan oleh kompas com melalui penggunaan google lens video tersebut ternyata identik dengan kanal youtube jusuf hamka pada tahun dalam video aslinya jusuf hamka tidak menawarkan bantuan ataupun kuis berhadiah rp50 juta namun ia menyampaikan motivasi soal bagaimana dirinya meraih kesuksesan setelah dicek menggunakan hive moderation video tersebut dihasilkan oleh artificial intelligence ai dengan probabilitas mencapai persen hoaks']"
16,173,16_rekrutmen_panggilan_seleksi_karyawan,"['rekrutmen', 'panggilan', 'seleksi', 'karyawan', 'persero', 'surat', 'surat panggilan', 'interview', 'tes', 'calon karyawan']","['surat panggilan interview pt pertamina pada tanggal juli beredar di sebuah surat tentang panggilan tes seleksi calon karyawan pt pertamina untuk mengikuti tes seleksi wawancara pada tanggal juli di jl medan merdeka timur 1a jakarta pusat setelah ditelusuri pihak pt pertamina melalui akun twitter nya pertamina menjelaskan bahwa surat panggilan tes rekrutmen pertamina tersebut merupakan tindakan penipuan pt pertamina juga menghimbau untuk berhati hati terhadap penipuan yang mengatasnamakan pt pertamina sebagai tambahan informasi untuk lowongan pekerjaan pt pertamina dapat mengakses website resmi hoaks', 'surat panggilan interview pt pertamina pada tanggal agustus beredar di sebuah surat terkait panggilan tes seleksi calon karyawan pt pertamina untuk mengikuti tes seleksi interview pada tanggal agustus di jl medan merdeka timur 1a jakarta pusat setelah ditelusuri pihak pt pertamina melalui akun twitternya pertamina menjelaskan bahwa surat panggilan interview pertamina tersebut merupakan penipuan pt pertamina juga menghimbau untuk mengabaikan dan berhati hati terhadap penipuan yang mengatasnamakan pt pertamina hoaks', 'surat panggilan interview pt pertamina pada tanggal juli beredar di sebuah surat tentang panggilan tes seleksi calon karyawan pt pertamina untuk mengikuti tes seleksi interview pada tanggal juli di jl cokroaminoto no pemecutan kaja bali setelah ditelusuri pihak pt pertamina melalui akun twitter nya pertamina menjelaskan bahwa surat panggilan tes rekrutmen pertamina tersebut merupakan penipuan pt pertamina juga menghimbau untuk berhati hati terhadap penipuan yang mengatasnamakan pt pertamina sebagai tambahan informasi untuk lowongan pekerjaan pt pertamina dapat mengakses website resmi recruitment pertamina com hoaks']"
17,166,17_pesawat_bandara_helikopter_penerbangan,"['pesawat', 'bandara', 'helikopter', 'penerbangan', 'jatuh', 'garuda', 'garuda indonesia', 'sriwijaya', 'pilot', 'penumpang']","['beredar video eksklusif penemuan puing puing pesawat sriwijaya air sj video eksklusif yang menampilkan penemuan bangkai pesawat di laut video tersebut mencantumkan narasi bahwa bangkai pesawat yang ditemukan merupakan pesawat sriwijaya air sj yang jatuh pada sabtu januari kemarin pada video disebutkan tentang percakapan sejumlah orang yang menyebut adanya potongan kulit dan daging manusia berserakan dilokasi tempat jatuhnya pesawat dengan narasi penemuan pesawat sriwijaya air sj setelah ditelusuri video tersebut merupakan alias hoaks video yang beredar tersebut merupakan peristiwa jatuhnya pesawat lion air jt di karawang silam disinformasi', 'pesawat sriwijaya air sj meledak di udara video di facebook yang menyebutkan bahwa pesawat sriwijaya air sj meledak di udara informasi itu mulai muncul setelah pesawat rute jakarta pontianak tersebut jatuh di kepulauan seribu pada sabtu januari informasi yang menyebut pesawat sriwijaya air sj meledak di udara adalah hal itu diungkapkan oleh ketua komisi nasional keselamatan transportasi knkt soerjanto tjahjono seperti diberitakan kompas com rabu februari soerjanto mengungkapkan pesawat sriwijaya air sj dalam keadaan utuh sampai membentur air dan tidak terjadi pecah di udara ia menambahkan bukti lainnya adalah temuan pada turbin pesawat yang menunjukkan konsistensi bahwa mesin masih dalam keadaan hidup sebelum pesawat membentur air saat mengalami benturan impact dengan air mesin masih berputar berdasarkan temuan awal data automatic dependent surveillance broadcast ads b diketahui sistem sj masih memancarkan data yang menunjukkan pesawat berada di ketinggian kaki dari permukaan laut pada pukul wib disinformasi', 'penumpang sriwijaya air sj panik sebelum pesawat jatuh video di diklaim menunjukan kepanikan penumpang pesawat sriwijaya air sj sebelum pesawat tersebut jatuh di perairan kepulauan seribu pada awal januari para penumpang berteriak saat pesawat berguncang hebat dan barang barang terlihat jatuh dari kompartemen di atas kursi klaim video yang menunjukkan kepanikan penumpang pesawat sriwijaya air sj sebelum pesawat tersebut jatuh adalah salah periksafakta afp com peristiwa yang terlihat dalam video itu merupakan peristiwa turbulensi pesawat penerbangan kosovo swiss video aslinya diketahui pernah diunggah di kanal youtube euronews pada tanggal juni disinformasi']"
18,203,18_bantuan_tautan_pendaftaran_bansos,"['bantuan', 'tautan', 'pendaftaran', 'bansos', 'kemensos', 'pkh', 'program', 'penerima', 'pendaftaran bantuan', 'blt']","['tautan pendaftaran penerima bansos program keluarga harapan tautan pendaftaran bantuan sosial program keluarga harapan pkh diketahui pkh merupakan bantuan sosial bersyarat kepada keluarga miskin yang sudah ditetapkan turnbackhoax id tautan pendaftaran penerima bansos pkh adalah untuk menerima bantuan sosial pkh individu harus terdaftar dalam data terpadu kesejahteraan sosial dtks kementerian sosial kemensos berdasarkan informasi dari indonesiabaik id pendaftaran dtks dapat dilakukan secara mandiri dengan mengunjungi kantor desa atau kelurahan setempat selanjutnya akan diadakan musyawarah di tingkat desa atau kelurahan untuk membahas dan mengevaluasi kelayakan pendaftar sebagai penerima bantuan sosial sedangkan untuk pendaftaran secara daring dilakukan dengan mengunduh aplikasi cek bansos di play store atau app store yang telah disediakan kementerian sosial bukan melalui tautan seperti yang beredar hoaks', 'tautan pendaftaran bansos bpnt dan pkh mencantumkan logo dtks informasi melalui telegram terkait bantuan sosial bansos bantuan pangan non tunai bpnt dan program keluarga harapan pkh memuat tulisan data terpadu kesejahteraan sosial dtks dan disertai tautan pendaftaran yang mengarah pada sebuah akun telegram turnbackhoax id yang juga mengutip dari laman resmi kemensos go id kementerian sosial tidak pernah membuat situs ataupun tautan mengenai pendaftaran atau pencairan bantuan sosial masyarakat yang berhak menerima bpnt dan pkh sudah terdaftar di data terpadu kesejahteraan sosial dkts jika terdapat masyarakat yang memenuhi syarat menerima bantuan tetapi belum terdaftar di dtks maka masyarakat bisa mengusulkan ke pemerintah daerah atau mengajukan lewat aplikasi cek bansos hoaks', 'tautan bantuan sosial pkh tahap kementerian sosial pesan berantai telegram yang mengeklaim adanya tautan bantuan sosial program keluarga harapan pkh tahap dari kementerian sosial adalah turnbackhoax id hasil pemeriksaan menunjukkan bahwa tautan tersebut tidak mengarah ke situs resmi pemerintah seperti kemensos go id atau cekbansos kemensos go id melainkan ke sebuah laman yang menampilkan formulir digital dan meminta pengunjung mengisi data pribadi seperti nama lengkap serta nomor telegram selain itu laman resmi milik kementerian sosial republik indonesia kemensos menyatakan bahwa pemerintah tidak pernah membuat situs atau tautan resmi untuk pendaftaran langsung bantuan sosial adapun penerima bantuan sosial adalah masyarakat yang sudah terdaftar dalam data terpadu kesejahteraan sosial dtks atau data tunggal sosial ekonomi nasional dtsen jika masyarakat layak menerima namun belum terdaftar dalam dtks bisa diusulkan pemerintah daerah atau mengajukan melalui aplikasi cek bansos di menu usul sanggah masyarakat diimbau agar selalu mengecek ulang kebenaran berita dan tidak ikut menyebarkannya mensos']"
19,171,19_kebakaran_terbakar_dibakar_gedung,"['kebakaran', 'terbakar', 'dibakar', 'gedung', 'api', 'kilang', 'pembakaran', 'bbm', 'kebakaran terjadi', 'ledakan']","['kebakaran gedung kejaksaan agung pemutihan perkara telah beredar di facebook sebuah video yang menampilkan gedung terbakar disertai narasi tanggal agustus jam malam terjadi kebakaran di gedung kejaksaan blok m untuk yang melintas mungkin untuk mencari jalur yang lain dulu ya karena pasti akan terjadi penutupan jalan sekitar sini untuk sementara ini blanwir belum sampai lokasi masih menunggu sementara diamankan oleh petugas setempat untuk clear area video tersebut diunggah dan diberi keterangan bkn kebakaran tapi lgi pemutihan keren lgi gedung kpk nya ikutan kebakar berdasarkan penelusuran klaim kebakaran gedung kejaksaan agung pemutihan perkara peristiwa dalam tayangan video tersebut merupakan kebakaran gedung utama kejaksaan agung di jalan sultan hasanuddin jakarta selatan sabtu agustus kejaksaan agung memastikan tidak ada satupun berkas perkara yang rusak akibat kebakaran hebat di gedung utama kejaksaan agung seluruh proses penyelidikan dan penyidikan kasus akan terus berjalan disinformasi', 'gedung kpk terbakar pasca kebakaran hebat gedung kejaksaan agung di kebayoran baru jakarta selatan pada sabtu malam agustus video kebakaran di facebook yang mengklaim gedung kpk komisi pemberantasan korupsi turut terbakar kebakaran itu pun disebut sebagai upaya pemutihan perkara setelah ditelusuri klaim kebakaran gedung kpk karena pemutihan perkara video tersebut merupakan kebakaran gedung utama kejaksaan agung di jalan sultan hasanudin dalam kelurahan kramat pela kecamatan kebayoran baru jakarta selatan pada sabtu malam agustus disampaikan oleh pemilik akun facebook itu tidak sesuai dengan apa yang disampaikan perekam video bahwa peristiwa kebakaran tersebut terjadi di gedung kejaksaan blok m kepala pusat penerangan hukum kapuspenkum kejaksaan agung hari setiono mengatakan gedung yang terbakar adalah lantai dan yang merupakan wilayah kerja biro kepegawaian hari mengklaim berkas perkara kasus tindak pidana khusus atau korupsi tidak ada yang terbakar disinformasi', 'robot damkar tidak digunakan saat kebakaran gedung kejagung karena sedang diisolasi akibat covid beredar di sosial media facebook sebuah menyebutkan robot pemadam tidak digunakan saat kebakaran gedung utama kejaksaan agung karena sedang diisolasi akibat covid setelah ditelusuri artikel kumparan com kepala dinas penanggulangan kebakaran dan penyelamatan gulkarmat dki jakarta satriadi gunawan menjelaskan robot pemadam kebakaran yang dibeli untuk memadamkan kebakaran di mrt dan lrt atau lokasi dengan potensi ledakan seperti kilang minyak sementara menurutnya untuk gedung kejaksaan agung lebih tepat menggunakan bronto skylift sebab bronto mampu menjangkau bagian atas bangunan mengingat kebakaran di kejaksaan agung ada di ketinggian sehingga dapat disimpulkan bahwa keliru robot tersebut tidak digunakan dalam pemadaman kebakaran gedung utama kejagung karena tidak tepat digunakan untuk bangunan tinggi robot tersebut lebih cocok dioperasikan untuk memadamkan api di objek kebakaran yang bersifat datar atau horizontal bukan karena sedang diisolasi akibat covid disinformasi']"
20,247,20_korupsi_kpk_keuangan_kasus,"['korupsi', 'kpk', 'keuangan', 'kasus', 'sri mulyani', 'mulyani', 'purbaya', 'sri', 'triliun', 'uang']","['menteri keuangan sri mulyani dijemput paksa kpk video di platform youtube dengan menyebut menteri keuangan menkeu sri mulyani dijemput paksa oleh komisi pemberantasan korupsi kpk merahputih com video dengan klaim bahwa menkeu sri mulyani dijemput paksa oleh kpk adalah berdasarkan hasil penelusuran video tersebut merupakan hasil suntingan dari sejumlah sumber yang tidak saling terkait adapun dibacakan dalam video diketahui berasal dari beberapa artikel pemberitaan yang juga tidak saling berkaitan sampai saat ini tidak ditemukan pemberitaan resmi dan valid yang menyebut menkeu sri mulyani ditangkap kpk disinformasi', 'menkeu purbaya laporkan puan terkait korupsi uang ratusan triliun yang menarasikan bahwa menteri keuangan purbaya yudhi sadewa melaporkan puan terkait korupsi uang ratusan triliun klaim dengan narasi menteri keuangan purbaya yudhi sadewa laporkan puan terkait korupsi uang ratusan triliun merupakan hoaks antaranews com tidak ada pernyataan dari pemerintah aparat penegak hukum maupun sumber kredibel yang menyebut purbaya melaporkan puan terkait dugaan korupsi dana sda mengarah pada artikel terkait laporan wahana lingkungan hidup indonesia walhi kepada kejaksaan agung kejagung mengenai dugaan korupsi lingkungan atau sumber daya alam direktur eksekutif walhi zenzi suhadi menyatakan pihaknya melaporkan korporasi yang diduga terlibat korupsi sda dengan potensi kerugian negara mencapai rp437 triliun', 'kpk miskinkan menteri keuangan sri mulyani di facebook yang menarasikan bahwa komisi pemberantasan korupsi kpk telah memiskinkan menteri keuangan menkeu sri mulyani karena kasus korupsi bantuan likuiditas bank indonesia blbi unggahan tersebut menyertakan cuplikan cuplikan video sri mulyani secara acak kompas com menyebutkan bahwa kpk telah memiskinkan sri mulyani berkaitan dengan kasus blbi adalah kasus korupsi blbi dinyatakan telah berakhir pada unggahan yang beredar berisi potongan video yang tidak saling berkaitan hingga saat ini tidak ada pengumuman resmi dari kpk ataupun bukti valid keterlibatan sri mulyani dengan kasus korupsi blbi hoaks']"
21,206,21_air_makanan_minum_mengandung,"['air', 'makanan', 'minum', 'mengandung', 'diabetes', 'minuman', 'ginjal', 'telur', 'gula', 'kopi']","['minum air es secara rutin lebih berbahaya dari rokok beredar di sebuah unggahan yang mengeklaim bahwa minum air es secara rutin lebih berbahaya dari rokok unggahan tersebut menyebutkan bahaya air es antara lain memicu timbulnya batu ginjal hingga memperlambat detak jantung klaim bahwa minum air es secara rutin lebih berbahaya dari rokok adalah turnbackhoax id dr arrum putri amalia dari alodokter com menjelaskan air es sebenarnya tidak berbahaya selama es yang dibuat berasal dari air minum yang bersih hal ini dikarenakan tubuh memang membutuhkan sejumlah cairan sebanyak minimal liter per hari yang bisa didapatkan dari air putih hangat air es ataupun air biasa asisten profesor kedokteran di universitas chulalongkorn thailand piyapan prueksapanich juga menjelaskan bahwa air dingin yang kita minum juga tidak akan memengaruhi suhu inti tubuh kita karena suhu air perlahan akan berubah menjadi suhu tubuh normal kita yaitu derajat celsius bukan sebaliknya hoaks', 'waktu minum air yang menyebabkan penyakit hingga gangguan fungsi hati beredar di facebook sebuah unggahan video mencatut nama dr leonard smith yang disebut sebagai sumber informasi dari narasinya dalam video tersebut terdapat klaim bahwa minum air di waktu yang tidak tepat menyebabkan penyakit hingga menimbulkan gangguan fungsi hati waktu tidak tepat yang disebutkan yaitu setelah makan setelah olahraga setelah makan buah dan setelah mandi kompas com klaim minum air di waktu yang tidak tepat menyebabkan penyakit adalah dokter spesialis penyakit dalam yang juga menjabat sebagai dekan fakultas kedokteran universitas indonesia fkui dr ari fahrial syam sppd kgeh menjelaskan waktu ketika minum air putih tidak akan berpengaruh pada fungsi hati kebiasaan minum air yang dapat mengganggu kesehatan adalah terkait jumlahnya bukan kapan air diminum selain itu pernyataan dr leonard smith yang membicarakan tentang air minum pernah dipublikasikan mel magazine pada agustus dalam pernyataannya dr leonard smith menganjurkan agar orang orang meminum air secara perlahan tidak ada pernyataan mengenai waktu yang tidak tepat untuk meminum air hoaks', 'kolang kaling dapat mengobati diabetes disinformasi beredar di sosial media info kesehatan tentang buah kolang kaling dapat menyembuhkan penyakit diabetes dalam postingan tersebut menyebutkan bahwa kolang kaling dapat menstimulasi tubuh memproduksi insulin pada penderita diabetes sehingga menurut postingan tersebut kolang kaling bermanfaat menjaga kadar gula tetap stabil adapun detikhealth com mochamad aldis rusliadi skm sebagai seorang ahli gizi menjelaskan bahwasannya kolang kaling bukanlah obat diabetes yang menurunkan gula hanya saja sebagai opsi healthier choice buat diabetes aldis melanjutkan karena kolang kaling tinggi serat maka tidak lantas menaikan gula darah secara drastis jadi aman dikonsumsi untuk orang yang mempunyai penyakit diabetes tetapi dengan catatan pengolahannya tidak untuk minuman tinggi gula']"
22,219,22_bendera_logo_hut_natal,"['bendera', 'logo', 'hut', 'natal', 'lambang', 'hut ri', 'konser', 'poster', 'kegiatan', 'ri']","['lambang love pada logo hut ri merupakan simbol lgbt sebuah akun facebook membagikan gambar logo hut kemerdekaan ri ke disertai sebuah narasi panjang selain tuduhan adanya lambang salib dan matahari terbit dalam narasi itu juga disebut bahwa lambang berbentuk love pada logo hut ri tersebut merupakan simbol pelaku lgbt setelah ditelusuri tuduhan bahwa lambang love pada logo hut ri ke bermakna simbol lgbt adalah tuduhan yang merdeka com lambang dengan gambar hati atau love pada logo hut ri bertuliskan bangga buatan indonesia digunakan untuk menunjukkan rasa cinta terhadap produk lokal tanah air hal ini sebagai upaya menumbuhkan kecintaan masyarakat pada produk dalam negeri tulisan bangga buatan indonesia menggunakan warna merah dan putih untuk menunjukkan perasaan bangga membeli produk lokal dan untuk menunjukkan kebersamaan dalam kesatuan hoaks', 'peluncuran logo hut ri ke instagram berisi tangkapan layar dari artikel yang memberitakan peluncuran logo hari ulang tahun republik indonesia hut ri ke presiden prabowo dan wakil presiden gibran pada tanggal juli detik com logo resmi hut ri ke belum secara resmi diluncurkan ke publik pada tanggal yang diklaim dalam unggahan tersebut peluncuran logo resmi hut ri ke oleh presiden prabowo baru dilakukan pada tanggal juli dan disiarkan langsung di kanal youtube sekretariat presiden logo resmi hut ri ke yang diluncurkan juga berbeda dengan logo pada unggahan tersebut masyarakat bisa mengakses dan mengunduh file logo resmi melalui berbagai portal pemerintah yang menjadi kanal distribusi utama', 'logo hut ke ri memuat lambang salib sosial media twitter dengan mengklaim logo hut ke ri menyerupai lambang salib berikut narasi unggahan tersebut kepada yth menteri sekretaris negara republik indonesia berkaitan dengan pemasangan logo hut ke ri dengan menempatkan tanda salib di dalamnya setneg pun sudah dikuasai sampai logopun sudah mereka yang atur beginikah cara memecah belah menanggapi tudingan tersebut sekretaris kemensetneg setya utama menjelaskan bagian dari desain logo hut ke ri yang disebut menyerupai simbol salib adalah supergraphic cnnindonesia com supergraphic terdiri dari elemen yang diambil dari dekonstruksi logo tahun yang dipecah lagi menjadi bagian yang merepresentasikan komitmen dan nilai luhur pancasila tenaga ahli utama kantor staf presiden ali mochtar ngabalin juga mengklarifikasi narasi yg menyebutkan pemerintah memuat logo salib dalam logo kemerdekaan ri ia menerangkan logo tersebut berisi semangat untuk mendorong nilai nilai pancasila di antaranya semangat kebhinekaan semangat kebersamaan semangat persatuan dalam usia negara yang ke tahun ia juga menegaskan pemerintah tidak memuat lambang salib dalam logo kemerdekaan ri ia meminta masyarakat agar tidak berspekulasi soal logo kemerdekaan ri tersebut hoaks']"
23,157,23_instagram mengatasnamakan_mengatasnamakan_twitter mengatasnamakan_palsu,"['instagram mengatasnamakan', 'mengatasnamakan', 'twitter mengatasnamakan', 'palsu', 'bank', 'iphone', 'persero', 'mengatasnamakan pt', 'tebus', 'tebus murah']","['akun instagram mengatasnamakan pt adhi karya persero tbk akun instagram yang mengatasnamakan pt adhi karya persero tbk akun tersebut berisikan informasi terkait program penerimaan pegawai rekrutmen pt adhi karya persero tbk melalui akun instagram resminya adhikaryaid memberikan klarifikasi bahwa akun dan informasi yang diberikan adalah alias hoaks pihaknya mengimbau kepada masyarakat untuk tetap berhati hati dengan modus penipuan yang mengatasnamakan program rekrutmen pt adhi karya persero tbk hoaks', 'akun instagram mengatasnamakan pt jasa marga persero tbk akun instagram mengatasnamakan pt jasa marga persero tbk akun tersebut terlihat menyertakan sebuah tautan berisi informasi program rekrutmen pt jasa marga persero tbk berdasarkan klarifikasi langsung pt jasa marga persero tbk melalui akun resmi miliknya akun instagram yang mengatasnamakan pt jasa marga persero tbk adalah akun palsu dimana informasi yang diberikan oleh akun tersebut tidak dapat dipertanggungjawabkan pada klarifikasi tersebut juga disebutkan bahwa saat ini pt jasa marga persero tbk sedang tidak menggelar program rekrutmen karyawan seluruh informasi mengenai program rekrutmen pt jasa marga persero tbk akan diinformasikan melalui website resmi perusahaan serta akun resmi perusahaan seperti instagram official jasamarga twitter official jsmr dan ptjasamarga facebook pt jasa marga persero tbk serta youtube official jasa marga hoaks', 'akun instagram mengatasnamakan pt elnusa tbk akun instagram mengatasnamakan pt elnusa tbk dengan nama careerelnusa yang mengklaim bahwa akun tersebut merupakan akun resmi pt elnusa tbk dalam unggahan akun resmi elnusaofficial pt elnusa tbk mengonfirmasi bahwa akun instagram careerelnusa adalah akun palsu informasi lebih lanjut terkait lowongan pekerjaan dan pendaftaran pt elnusa tbk dapat dilihat pada halaman karir situs elnusa hoaks']"
24,119,24_timnas_piala_bola_sepak bola,"['timnas', 'piala', 'bola', 'sepak bola', 'sepak', 'timnas indonesia', 'pssi', 'piala dunia', 'pelatih', 'tim nasional']","['presiden prabowo desak pssi tarik shin tae yong kembali ke timnas di facebook yang mengeklaim bahwa presiden prabowo desak persatuan sepak bola seluruh indonesia pssi tarik shin tae yong untuk kembali melatih tim nasional timnas sepak bola indonesia klaim dalam unggahan tersebut adalah atau hoaks turnbackhoax id setelah dilakukan penelusuran oleh tim periksa fakta mafindo tidak ada pernyataan resmi dari presiden prabowo serta pssi tentang menarik kembali shin tae yong menjadi pelatih timnas sepak bola indonesia berdasarkan informasi di laman resmi pssi pssi org patrick kluivert resmi diperkenalkan sebagai pelatih baru timnas sepak bola indonesia pada minggu januari hoaks', 'pssi putuskan timnas indonesia keluar dari aff video di facebook yang menampilkan ketua umum persatuan sepak bola seluruh indonesia pssi erick thohir sedang melakukan konferensi pers dalam video dinarasikan pssi keluarkan pernyataan tegas tim nasional timnas sepak bola indonesia mulai dari u19 u20 dan senior resmi keluar dari aff asean football federation dan tidak akan mengikuti piala aff klaim narasi dalam video tersebut adalah kompas com video tersebut identik dengan unggahan pada kanal youtube liputan6 video yang beredar merupakan momen ketika erick thohir menyampaikan pembentukan satgas anti mafia bola pada saat itu tidak ada pernyataan apa pun soal piala aff setelah tersingkir dari piala aff tidak ada informasi valid erick thohir mengumumkan timnas sepak bola indonesia keluar dari aff hoaks', 'shin tae yong kembali pimpin latihan timnas indonesia video di yang mengeklaim kembalinya shin tae yong sty sebagai pelatih tim nasional timnas sepak bola indonesia klaim kembalinya shin tae yong sty sebagai pelatih timnas sepak bola indonesia adalah atau hoaks dalam video tersebut tidak membahas kembalinya shin tae yong sebagai pelatih timnas sepak bola indonesia melainkan mengenai laga kualifikasi piala dunia zona asia turnbackhoax id setelah melakukan penelusuran dengan kata kunci shin tae yong kembali melatih timnas ke mesin pencari google mengarah ke pemberitaan inews id dengan judul artikel apakah shin tae yong kembali melatih timnas indonesia terungkap rencana besar shin tae yong di dunia sepak bola tanah air diketahui tidak ada kepastian mengenai kembalinya shin tae yong sebagai pelatih namun shin tae yong masih menunjukkan berbagai aktivitas dan komitmennya terhadap perkembangan sepak bola indonesia salah satunya dengan mendirikan shin tae yong foundation untuk pengembangan sepak bola usia dini hoaks']"
25,184,25_hadiah_telegram_shopee_sms,"['hadiah', 'telegram', 'shopee', 'sms', 'bri', 'pos indonesia', 'penipuan', 'mengatasnamakan', 'pos', 'pegadaian']","['sms pemenang shopee new year and sale telah beredar pesan singkat yang tersebar mengatasnamakan shopee pesan tersebut berisikan sebuah pesan resmi pemenang sh opee new year and sale sejumlah rp juta lengkap dengan website pengumumannya setelah ditelusuri isi pesan singkat tersebut adalah penipuan hal tersebut sudah ditegaskan dari akun twitter resmi shopee shopeeid yang menyatakan bahwa shopee tidak pernah melakukan undian di sms dan website adapun untuk pengumuman pemenang lomba atau kuis shopee langsung diumumkan melalui notifikasi aplikasi dan sosial media resmi shopee pihak shopee menghimbau untuk selalu hati hati terhadap penipuan yang mengatasnamakan shopee hoaks', 'pengumuman undian pemenang hadiah oleh shopee beredar pesan singkat yang menginformasikan pemenang hadiah dari shopee dengan mencantumkan sebuah tautan berisikan pemenang hadiah shopee untuk promo turnbackhoax id hal tersebut public relations shopee melalui laman kompas mengatakan bahwa pengumuman pemberian hadiah dari shopee hanya diberitakan melalui aplikasi shopee akun resmi instagram shopee id akun resmi twitter shopeeid dan akun resmi facebook shopee selain kanal kanal tersebut pemberitaan terkait pemberian hadiah dari shopee merupakan penipuan hoaks', 'sms pemenang shopee birthday telah beredar pesan singkat yang tersebar mengatasnamakan shopee pesan tersebut berisikan sebuah pengumuman pemenang juta dari shopee birthday setelah ditelusuri isi pesan singkat tersebut adalah penipuan hal tersebut sudah ditegaskan dari akun twitter resmi shopee shopeeid yang menyatakan bahwa shopee tidak pernah menghubungi menggunakan nomor pribadi atau melakukan undian melalui sms dan website pihak shopee menghimbau untuk selalu hati hati terhadap penipuan yang mengatasnamakan shopee hoaks']"
26,155,26_kapal_laut_ikan_pantai,"['kapal', 'laut', 'ikan', 'pantai', 'nelayan', 'kri', 'nanggala', 'tenggelam', 'selam', 'kri nanggala']","['foto awak kapal kri nanggala sebelum hilang di perairan utara bali foto yang menampilkan beberapa orang tengah melaksanakan sholat di badan kapal selam yang masih mengapung foto tersebut diklaim merupakan foto awak kapal selam kri nanggala sebelum melaksanakan tugas dan akhirnya tenggelam namun setelah dilakukan penelusuran foto tersebut merupakan awak kapal kri ardadedali sesuai dengan informasi yang disampaikan oleh kepala dinas penerangan tni al laksamana pertama tni julius widjojono turut menepis foto itu diambil dari kri nanggala ditemukan pula ciri yang dapat dengan mudah membedakan antara kri nanggala dengan kri ardadedali yaitu besi pada sisi kapal selam yang menurut julius tidak dimiliki oleh kapal selam kri nanggala disinformasi', 'kri nanggala ditembak kapal selam prancis informasi di twitter yang menyebut kri nanggala salah satu kapal selam milik tni angkatan laut tenggelam karena ditembak oleh kapal selam nuklir milik prancis disebutkan juga bahwa penembakan itu dilatarbelakangi persaingan bisnis kapal selam antara prancis dan jerman kompas com kepala pusat penerangan kapuspen tni mayjen tni achmad riad memastikan bahwa kabar kri nanggala tenggelam karena terkena rudal menurut kepala staf tni angkatan laut ksal laksamana yudo margono dari sejumlah laporan awal penyebab tenggelamnya kapal selam buatan jerman itu bukan karena kesalahan manusia maupun black out atau mati listrik namun lebih karena faktor alam kendati demikian pihaknya perlu mengangkat badan kapal terlebih dahulu untuk mengetahui penyebab pasti tenggelamnya kapal selam tersebut hoaks', 'kapal selam hancur dirudal tiongkok beredar pesan berantai melalui whatsapp berisi narasi bahwa kapal selam dirudal tiongkok dengan unggahan narasi gimana mau ketemu kapalnya kapal sdh hancur di rudal kapal cina mgkn kapal selam kita menangkap pergerakan bawah laut tanpa setahu kita n demi menyelamatkan misi keji kapal siluman cina akhirnya kapal selam kita d rudal n ini pasti melibatkan pemerintah medcom id klaim bahwa kapal selam yang belakangan ini menjadi perhatian luas di indonesia hancur dirudal tiongkok adalah tidak ada informasi resmi dan valid mengenai hal itu kepala staf angkatan laut ksal laksamana yudo margono memastikan pihaknya akan melakukan investigasi lebih lanjut penyebab tenggelamnya kapal selam kri nanggala hoaks']"
27,174,27_banjir_bandang_banjir bandang_bencana,"['banjir', 'bandang', 'banjir bandang', 'bencana', 'air', 'sungai', 'bendungan', 'bencana banjir', 'hujan', 'kecamatan']","['foto foto banjir di kalimantan selatan beredar di twitter beberapa foto bencana banjir yang diklaim adalah foto banjir di kalimantan selatan turnbackhoax id foto yang digunakan ternyata adalah foto banjir yang terjadi di krai krasnodar rusia pada bulan juli tahun banjir tersebut telah menghancurkan hampir rumah dan orang meninggal banjir itu terjadi setelah badai menghantam krasnodar dan hujan deras selama hari jadi klaim foto foto tersebut merupakan foto banjir di kalimantan selatan adalah disinformasi', 'video banjir di cicurug sukabumi postingan di instagram yang berisi sebuah video kejadian banjir yang menyeret beberapa rumah dan mobil serta diiringi mengklaim video tersebut itu merupakan kejadian banjir di cicurug sukabumi jawa barat medcom id klaim bahwa video itu memperlihatkan peristiwa banjir yang terjadi baru baru ini di sukabumi adalah salah video itu merupakan peristiwa lama video tersebut juga pernah diunggah pada kanal youtube yang diberi judul tsunami in natori miyagi prefecture japan pada maret silam di sisi lain bahwa benar terjadi banjir bandang di sukabumi senin september badan penanggulangan bencana daerah bpbd kabupaten sukabumi mendata sebanyak rumah dinyatakan hanyut dan rumah lainnya terendam akibat banjir bandang yang terjadi di kecamatan cicurug banjir bandang berasal dari luapan sungai citarik disinformasi', 'video banjir bandang sedalam meter lumpuhkan ibu kota unggahan video pada platform youtube dengan klaim bahwa bencana banjir bandang telah melumpuhkan ibu kota secara total diketahui banjir sedalam meter tersebut telah mengakibatkan ratusan rumah hanyut turnbackhoax id informasi pada video tersebut adalah narator hanya membaca ulang dua artikel yang tidak saling berkaitan pertama artikel milik metro tv news berjudul banjir bandang terpa pesta pernikahan di magetan dalam artikel diberitakan mengenai sebuah pesta pernikahan di desa sidomukti kabupaten magetan jawa timur yang diterjang banjir bandang pada desember kedua artikel milik cnbc indonesia berjudul banjir besar terjang malaysia orang mengungsi dalam artikel diberitakan mengenai banjir besar yang melanda malaysia pada desember akibat banjir tersebut setidaknya orang telah dievakuasi dan enam negara bagian terendam banjir hoaks']"
28,154,28_israel_palestina_ledakan_gaza,"['israel', 'palestina', 'ledakan', 'gaza', 'produk', 'iran', 'tni', 'rudal', 'serangan', 'mui']","['tni perdamaian tantang israel untuk perang besar unggahan video di facebook yang mengeklaim tni perdamaian tantang israel untuk perang besar unggahan video berisi klaim tni perdamaian tantang israel untuk perang besar turnbackhoax id tidak ditemukan informasi mengenai tni yang menantang pasukan israel untuk perang besar besaran diketahui unggahan video tersebut merupakan kumpulan dari beberapa potongan klip yang tidak saling berkaitan di antaranya dari video pada artikel cbsnews com yang menjelaskan mengenai rencana israel untuk menguasai seluruh gaza dan akan memaksa warga palestina pindah ke gaza selatan lalu dari artikel themalteseherald com yang menjelaskan mengenai israel yang merebut kota majdoulia di selatan suriah setelah sebelumnya merebut kota jamla dan klip dari kanal youtube unifil 23p dan agus merdeka putra berisi momen kontingen indonesia yang menjuarai small arms shooting competition sasco yang diselenggarakan oleh unifil di lebanon', 'tni membunuh tentara israel beredar video di facebook yang menampilkan seorang presenter perempuan dengan narasi israel pupus harapan hampir seribu tentara lenyap dalam tragedi gaza selatan tni membunuh tentara israel dalam jam dibantu rusia turnbackhoax id mengeklaim tni membunuh ribuan tentara israel tersebut unggahan tersebut mencatut video berita yang diunggah oleh kanal youtube serambinews berjudul israel pupus harapan hampir seribu tentara lenyap dalam tragedi gaza selatan yang tayang senin mei video tersebut melaporkan pernyataan dari militer israel pada minggu mei mengenai kematian perwira mereka dalam pertempuran di gaza selatan pemberitaan serambinews itu tidak mengungkapkan peran tni atau militer rusia sebagai faktor yang menyebabkan kematian ribuan tentara israel hoaks', 'indonesia gabung rusia dan iran untuk serang israel video di facebook yang menyebutkan indonesia memutuskan bergabung dengan rusia dan iran untuk menyerang israel dalam beredar serangan itu terkait dengan konflik israel dan palestina di gaza kompas com klaim soal indonesia bergabung dengan rusia dan iran untuk menyerang israel adalah keliru judul yang dipakai dalam video tidak sesuai dengan video dan dibacakan narator narator dalam video hanya menyampaikan opini soal negara negara arab yang lebih memilih untuk berpihak ke israel karena memiliki kedekatan dengan amerika serikat as namun tidak ada soal bergabungnya indonesia dengan negara negara tersebut untuk menyerang israel rusia dan iran memang mendukung palestina tetapi tidak ada pernyataan resmi dari kedua negara tersebut untuk bergabung dengan indonesia untuk menyerang israel hoaks']"
29,128,29_papua_tni_papua barat_kkb,"['papua', 'tni', 'papua barat', 'kkb', 'nduga', 'opm', 'polda papua', 'tni polri', 'polri', 'anggota']","['tokoh papua minta jabatan ke jokowi disinformasi beredar postingan di facebook yang menuliskan isu bahwa pertemuan tokoh dari papua dan papua barat dengan presiden joko widodo pada selasa september adalah untuk meminta jabatan isu miring tersebut langsung dibantah oleh menteri koordinator bidang politik hukum dan ham menkopolhukam wiranto yang juga turut hadir dalam pertemuan itu dengan menyatakan bahwa pernyataan itu dan tidak ada satu kalimat pun yang mengisyaratkan mereka meminta jabatan dan uang tetapi semata mata mengaspirasikan masyarakat adat dan kelompoknya untuk mendapatkan perhatian adapun para tokoh yang datang kala itu telah melalui seleksi dan merupakan tokoh adat serta tokoh masyarakat dalam pertemuan itu yang dibahas antara lain soal pembangunan istana presiden di papua pemekaran wilayah papua dan papua barat serta perekrutan putra putri papua papua barat sebagai pegawai badan usaha milik negara bumn', 'ketua komnas ham akan tempuh hukum internasional di papua di facebook berisi video ketua komisi nasional hak asasi manusia komnas ham anis hidayah yang mengatakan akan menempuh jalur hukum internasional jika tni tidak segera mundur dari tanah papua video dalam unggahan tersebut adalah kompas com setelah dicek menggunakan hive moderation video tersebut terdeteksi dihasilkan oleh kecerdasan buatan atau artificial intelligence ai dengan probabilitas persen jubi id anis hidayah meminta pasukan non organik untuk mundur bertahap dan mendorong pendekatan kemanusiaan untuk menyelesaikan masalah di papua kemudian pada awal november anis hidayah juga mendatangi kantor wilayah kementerian hukum papua untuk melakukan audiensi papua kemenkum go id kolaborasi ini penting untuk memastikan kehadiran negara dalam menjamin pemenuhan serta perlindungan ham di wilayah papua papua selatan papua tengah dan papua pegunungan dan tidak ada usulan atau pernyataan resmi dari komnas ham yang mengancam akan menempuh hukum internasional di papua', 'juru bicara opm menyatakan menyerah dan hentikan perlawanan video di facebook yang mengeklaim juru bicara tentara pembebasan nasional papua barat organisasi papua merdeka tpnpb opm sebby sambom menyatakan kelompoknya menyerah dan menghentikan perlawanan kompas com setelah dilakukan penelusuran video tersebut identik dengan kanal youtube wplo west papua dengan judul himbauan komnas tpnpb untuk perayaan hut kemerdekaan west papua desember yang tayang pada november dalam video sebby sambom mengajak masyarakat papua barat untuk memperingati lahirnya embrio negara papua barat setiap tanggal desember papua barat sudah membentuk kabinet pemerintahan dan lagu kebangsaan tidak ada pernyataan sebby sambom yang menyebut tpnpb opm telah menyerah dan menghentikan perlawanan kondisi di papua masih belum kondusif akibat konflik bersenjata antara tni dengan opm kekerasan bersenjata ini juga mengakibatkan masyarakat sipil menjadi korban pada mei komisi nasional hak asasi manusia dan komisi xiii dpr ri meminta pemerintah segera membuka ruang dialog untuk menunjukkan komitmen nyata terhadap terwujudnya perdamaian di papua hoaks']"
30,176,30_varian_virus_pandemi_tes,"['varian', 'virus', 'pandemi', 'tes', 'pcr', 'who', 'omicron', 'flu', 'tes pcr', 'pandemi covid']","['tes pcr tidak bisa deteksi varian baru virus covid beredar postingan di facebook terkait informasi varian baru dari virus covid dimana virus jenis baru tersebut telah bermutasi secara meluas serta penyebarannya sudah sampai di singapura dalam postingan disebutkan bahwa varian baru dari virus covid ini tidak dapat terdeteksi melalui tes pcr dan rapid test antigen tasikmalaya pikiran rakyat com dr zubairi djoerban selaku ketua satgas covid ikatan dokter indonesia idi membantah melalui cuitan dalam akun twitternya yang menyatakan bahwa ada yang bilang varian baru ini tidak bisa terdeteksi tes pcr itu dr zubair menjelaskan tes pcr ini bisa mendeteksi tiga spike seperti paku paku yang menancap pada permukaan virus korona berbeda sehingga varian baru ini masih tetap bisa dideteksi tes pcr hoaks', 'klaim covid varian delta merupakan hasil rekayasa unggahan berbahasa inggris di yang meragukan adanya mutasi varian baru virus covid pada unggahan tertulis narasi bagaimana kenaikan varian tertentu dapat dideteksi ketika test kit tidak menguraikan antara strain varian yang berbeda tidak ada tes varian delta bagaimana bisa mendiagnosa itu sebagai varian delta reuters com jade fulce juru bicara pusat pengendalian dan pencegahan penyakit amerika serikat cdc menjelaskan bahwa varian corona yang baru dideteksi bukan lewat tes covid seperti antigen atau pcr melainkan melalui proses whole genome sequencing wgs wgs bertujuan untuk menganalisis sampel guna mengidentifikasi dan menemukan karakteristik varian selanjutnya mengutip dari kumparan com dokter spesialis mikrobiologi rs ui dr ardiana kusumaningrum menyebut indonesia sendiri juga sudah mulai rutin melakukan wgs yang difasilitasi oleh litbangkes badan penelitian dan pengembangan kesehatan ardiana turut menjelaskan dalam proses wgs sampel corona yang diambil lewat tes usap pcr akan dilihat dengan lebih detail kemudian virus tersebut akan dikarakterisasi sehingga bisa diketahui masuk ke varian mana pemeriksaan lewat wgs dapat memeriksa virus yang terus berubah melalui mutasi yang kemudian menciptakan varian baru sehingga dapat mempelajari bagaimana cara virus varian baru menyebar seberapa tingkat keparahan dampaknya dan apakah vaksin akan efektif melawannya disinformasi', 'omicron tidak terdeteksi tes pcr informasi di facebook berisi klaim yang menyebutkan varian omicron tidak dapat terdeteksi oleh alat tes pcr klaim varian omicron tidak dapat terdeteksi oleh alat tes pcr adalah salah world health organization who menegaskan bahwa varian omicron masih bisa terdeteksi oleh tes pcr temuan temuan di afrika selatan dan negara lain juga diidentifikasi melalui tes pcr dokter asal afrika selatan yang melaporkan pasien covid varian omicron angelique coetzee mengatakan mereka yang terkena varian ini memiliki gejala ringan who juga tidak menyebutkan bahwa varian ini mematikan hoaks']"
31,160,31_prabowo_presiden_presiden prabowo_triliun,"['prabowo', 'presiden', 'presiden prabowo', 'triliun', 'jokowi', 'uang', 'prabowo subianto', 'subianto', 'dana', 'juta']","['presiden prabowo subianto promosi mobil listrik rp600 video di facebook yang mengeklaim presiden prabowo subianto mempromosikan mobil listrik seharga rp600 dalam video tersebut presiden prabowo subianto mengatakan bahwa mobil listrik tersebut dijual oleh pasangan selebritas raffi ahmad dan nagita slavina adalah kompas com setelah dilakukan penelusuran ditemukan bahwa gerakan bibir presiden prabowo subianto dalam video tersebut tampak tidak sesuai video tersebut merupakan hasil manipulasi yang dihasilkan oleh artificial intelligence ai dengan probabilitas mencapai persen', 'presiden prabowo tarik uang luar negeri rp7000 triliun unggahan video di facebook yang mengeklaim presiden prabowo akan menarik uang luar negeri sejumlah rp7000 triliun pada tahun adalah atau hoaks turnbackhoax id setelah dilakukan pengecekan ke mesin pencari google dengan menggunakan kata kunci prabowo tarik uang luar negeri triliun hasilnya tidak ditemukan informasi kredibel yang membenarkan lebih lanjut detik com telah merilis berita berjudul prabowo bakal tarik utang baru rp781 triliun pada yang tayang senin agustus dalam artikel itu disebutkan bahwa presiden prabowo subianto merencanakan penarikan utang baru sebesar rp781 triliun pada tertuang dalam rapbn utang ini dirancang untuk mendukung pembangunan nasional dan meredam gejolak ekonomi global yang tidak pasti sementara itu dalam video berdurasi menit detik tersebut narator hanya membahas strategi presiden prabowo dalam menambah uang negara', 'prabowo dan gibran membagikan bantuan uang puluhan juta tiktok yang menampilkan presiden prabowo subianto dan wakil presiden gibran rakabuming raka membagikan bantuan uang kepada masyarakat indonesia sampai dengan puluhan juta rupiah klaim unggahan video tersebut adalah setelah ditelusuri akun resmi presiden prabowo prabowo dan wakil presiden gibran gibran rakabuming tidak ada satu pun informasi yang menyebutkan bahwa presiden prabowo dan wakil presiden gibran melakukan bagi bagi bantuan kepada masyarakat berita terkait presiden prabowo subianto bagi bagi bantuan ada di dalam cekfakta tempo co dengan judul prabowo subianto bagikan uang rp juta unggahan berhadiah yang menggunakan foto presiden prabowo subianto tersebut merupakan penipuan berita terkait wakil presiden gibran rakabuming raka terdapat pada antaranews com gibran bagi bagi uang tunai sebesar rp20 juta di tiktok setelah ditelusuri foto tersebut kemudian menggunakan laman hive moderation untuk mendeteksi suara pada video tersebut dan diketahui suara dalam unggahan tiktok tersebut merupakan hasil rekayasa kecerdasan buatan atau artificial intelligence ai dengan hasil penilaian persen maraknya penipuan di warganet diimbau berhati hati dan tidak terpancing untuk mengeklik mengirimkan pesan atau membagikan identitas pribadi di hoaks']"
32,110,32_bpjs_bpjs kesehatan_bantuan_peserta,"['bpjs', 'bpjs kesehatan', 'bantuan', 'peserta', 'iuran', 'mengatasnamakan bpjs', 'jaminan', 'badan penyelenggara', 'penyelenggara jaminan', 'jaminan bpjs']","['pengalihan bpjs kesehatan mandiri ke gratis cukup dengan klik tautan beredar sejumlah video di tiktok berisi mengeklaim pemerintah resmi menghapus badan penyelenggara jaminan sosial bpjs kesehatan mandiri kelas kelas dan kelas disebutkan bahwa program terbaru itu mulai diterapkan pada februari seluruh peserta bpjs kesehatan mandiri akan dialihkan ke bpjs kesehatan gratis atau peserta penerima bantuan iuran pbi dan tunggakan bpjs kesehatan mandiri akan digratiskan sepenuhnya peserta bpjs kesehatan diminta untuk melakukan pendaftaran ulang kartu bpjs nya dengan mengeklik dan mendaftar di tautan yang disematkan pada akun tiktok tersebut pihak bpjs kesehatan republik indonesia melalui akun tiktok resminya bpjskesehatan ri menyebut pendaftaran menjadi peserta pbi memang ada namun melalui mekanisme tersendiri bukan melalui tautan tidak verified yang disebarkan di pengguna bpjs kesehatan diminta untuk berhati hati terhadap penipuan yang mengatasnamakan bpjs kesehatan informasi resmi hanya ada di website resmi dan resmi bpjs kesehatan hoaks', 'pendaftaran penghapusan tunggakan bpjs kesehatan dan iuran gratis di facebook berisi mengeklaim pendaftaran penghapusan tunggakan badan penyelenggara jaminan sosial bpjs kesehatan dan iuran gratis disebutkan dalam unggahan tersebut bahwa kelas kelas dan kelas dihapus silahkkan daftar ulang kartu bpjs karena iuran bpjs terbaru semua digratiskan tahun peserta bpjs diminta untuk melakukan pendaftaran ulang kartu bpjs nya dengan mengklik dan mendaftar pada tautan di akun facebook tersebut adalah liputan6 com setelah ditelusuri kepala humas bpjs kesehatan rizky anugrah mengatakan pendaftaran penghapusan tunggakan bpjs kesehatan dan iuran gratis dan menjadi modus penipuan menurut rizky anugrah bpjs kesehatan tidak memiliki program penghapusan tunggakan bpjs kesehatan dan iuran gratis pengguna bpjs kesehatan diminta untuk berhati hati terhadap penipuan yang mengatasnamakan bpjs kesehatan informasi resmi hanya ada di situs resmi dan resmi bpjs kesehatan hoaks', 'whatsapp mengatasnamakan bpjs memberikan bantuan dana rp juta beredar akun whatsapp mengatasnamakan bpjs kesehatan akun tersebut terlihat mengirimkan pesan yang menyebut bahwa bpjs kesehatan memberikan dana bantuan sebesar rp juta bpjs kesehatan melalui akun resminya menyatakan bahwa hal tersebut atau hoaks sebab bpjs kesehatan tidak pernah memberikan bantuan dana tunai kepada peserta jkn kis selain itu bpjs kesehatan juga mengimbau masyarakat agar selalu waspada terhadap segala informasi hoaks dan penipuan yang mengatasnamakan bpjs kesehatan semua pengumuman atau informasi mengenai bpjs kesehatan bisa diakses melalui website dan resmi bpjs kesehatan dan apabila menemukan akun media komunikasi atau situs web yang mengatasnamakan bpjs kesehatan masyarakat dapat mengonfirmasikan ke bpjs kesehatan care center atau akun resmi bpjs kesehatan hoaks']"
33,120,33_babi_daging_sapi_ayam,"['babi', 'daging', 'sapi', 'ayam', 'halal', 'hewan', 'manusia', 'produk', 'mengandung', 'makan']","['anak presiden jokowi kaesang pangarep pamer makan babi beredar di facebook sebuah tangkapan layar yang menyebutkan anak presiden joko widodo kaesang pangarep pamer makan daging babi dalam tangkapan layar yang diunggah ada dua tulisan seperti sebuah artikel dalam berita dengan ada dalam gambar pertama anak jokowi pamer makan daging babi dan gambar kedua kaesang pangarep daging babi enak daging kambing kaya jengkol busuk tidak hanya mengunggah foto akun facebook tersebut juga memberikan caption dengan narasi dari biang penipu lahirlah anak penipu informasi yang menyebut anak presiden jokowi kaesang pangarep pamer makan babi adalah salah fakta yang benar adalah kaesang tidak sengaja makan daging babi saat pertama kali berada di singapura kaesang dalam blog yang ditulisnya terpesona dengan cita rasa sepotong daging di sebuah restoran yang ada di singapura dia pun berniat membeli satu porsi untuk dibawa makan di asrama namun niatnya itu batal setelah tahu daging yang dia makan ternyata haram untuk umat muslim disinformasi', 'menuangkan coca cola ke daging babi mentah menyebabkan cacing muncul salah satu akun di telah memposting informasi yang mengatakan bahwa menuangkan coca cola ke daging babi mentah menyebabkan cacing muncul ke permukaan mereka memperingatkan orang orang untuk berhati hati dalam mengkonsumsi daging babi yang dapat membuat mereka benar benar sakit ketika parasit di dalamnya dicerna bersama daging setelah ditelusuri lebih lanjut merendam daging babi mentah dengan coca cola tidak menyebabkan cacing muncul ke permukaan jika ingin mengkonsumsi daging babi harus memilih babi yang sehat higienis dan juga memasaknya dengan baik dengan begitu daging babi aman untuk dikonsumsi hoaks', 'akibat makan daging babi disinformasi beredar kumpulan foto seseorang yang mengalami luka luka di sekujur tubuhnya serta diamputasi foto tersebut disandingkan dengan gambar gambar dari daging babi foto foto luka hingga amputasi tersebut dinarasikan sebagai akibat dari memakan daging babi adapun foto tersebut merupakan foto seorang pria thailand bernama pao nopparat milinthanuch yang harus diamputasi setelah terinfeksi patogen streptococcus suis nopparat terpapar patogen tersebut setelah memakan darah babi streptococcus suis sendiri dapat menginfeksi manusia melalui kulit manusia yang terluka atau lecet serta melalui konsumsi darah babi dan daging babi yang mentah atau dimasak setengah matang apabila diolah secara benar dan dimasak dengan matang daging babi tergolong aman untuk dikonsumsi bagi yang diperbolehkan untuk mengkonsumsinya']"
34,138,34_harimau_burung_kucing_hewan,"['harimau', 'burung', 'kucing', 'hewan', 'binatang', 'makhluk', 'seekor', 'bunga', 'penampakan', 'manusia']","['makhluk aneh berkepala manusia hoaks beredar kabar yang cukup menggemparkan masyarakat setelah beberapa video di sosial media memperlihatkan makhluk aneh berkepala manusia agar menarik perhatian masyarakat atau netizen dibuatlah narasi dengan judul yang bombastis seperti anak durhaka kepala manusia badan buaya manusia berkepala singa anak derhaka menjadi anjing makhluk yang ditampilkan dalam video tersebut adalah manusia asli benar benar manusia video video itu merupakan cuplikan dari video dokumentasi salah satu atraksi reguler mumtaz begum di kebun binatang karachi di pakistan kepala manusia perempuan yang tampak dengan badan hewan tersebut adalah murad ali seorang pria yang didandan sedemikian rupa dia duduk di bawah tempat tidur dan hanya menyembulkan kepalanya keluar disampingnya dipasang tiruan badan rubah sehingga nampak seolah olah menyatu dengan kepalanya mumtaz begum adalah makhluk mitos di pakistan berupa rubah berkepala perempuan maka murad sengaja berdandan bak perempuan dan memakai kerudung setiap harinya murad berakting selama jam pekerjaan itu ia wariskan dari ayahnya menurut direktur kebun binatang mohammad fahim khan tidak sembarang orang bisa berperan menjadi mumtaz menurutnya murad dipilih karena memang punya talenta yang sesuai lelaki itu menguasai beragam bahasa setempat dan pandai berakting untuk berkunjung dan berbicara langsung dengan mumtaz setiap pengunjung diminta untuk membayar tiket seharga rupee', 'harimau serang manusia di riau telah beredar video viral di youtube terkait harimau menyerang manusia dan harimau mati di tangan warga yang terjadi di riau detik com dian selaku humas balai besar konservasi sumber daya alam bbksda riau memastikan kejadian tersebut bukan terjadi di riau alias hoaks dian menjelaskan bahwa video viral tentang harimau mati ditombak warga terjadi di pagar alam sumatera selatan sedangkan video harimau yang menyerang warga kejadian sebenarnya terjadi di kebun binatang china terkait foto harimau yang dibunuh kejadiannya berlangsung di sumatera utara menurut dian video itu hasil editan dari beberapa kejadian yang lokasinya berbeda disinformasi', 'harimau kurus tidak diberi makan di kebun binatang maharani lamongan beredar postingan yang berisi informasi terdapat seekor harimau yang perutnya kurus di kebun binatang maharani lamongan hal tersebut diklaim karena tidak diberi makan harimau sumatera penghuni kebun binatang maharani di lamongan jawa timur yang viral di karena kondisi kurus tak terawat dan berekor pendek ternyata lanjut usia usianya menginjak lima belas tahun dan masuk lanjut usia sehingga terdapat perubahan bentuk tubuh kabid balai konservasi sumberdaya alam wilayah ii gresik wiwied widodo mengatakan kondisi harimau sumatera ini normal dan sehat berdasarkan catatan pengelola kebun binatang maharani disnformasi']"
35,127,35_vaksin_kematian_meninggal_vaksin covid,"['vaksin', 'kematian', 'meninggal', 'vaksin covid', 'meninggal dunia', 'akibat vaksin', 'vaksinasi', 'kematian akibat', 'orang meninggal', 'meninggal akibat']","['bayi meninggal akibat efek samping vaksin covid beredar di twitter sebuah unggahan informasi yang mengklaim bahwa sebanyak bayi meninggal dunia akibat efek samping vaksin covid unggahan tersebut disertai dengan tangkapan layar sebuah artikel yang berjudul babies dead after vaccination and reports of terrible side effects cekfakta tempo co tidak ada bukti yang menyatakan bahwa vaksin covid telah menyebabkan bayi meninggal di amerika serikat data yang tertera di situs vaers menyebutkan bahwa kasus kematian bayi adalah akumulasi dari kasus keguguran dini aborsi spontan kematian janin dan kematian bayi prematur ap news data vaers tidak dapat digunakan untuk menentukan apakah vaksin menjadi penyebab pada kejadian ikutan pasca imunisasi kipi yang dilaporkan dan data vaers sering disalahartikan oleh para pendukung anti vaksin pada tanggal agustus pusat pencegahan dan pengendalian penyakit cdc amerika serikat telah menerbitkan laporan mengenai vaksin covid yang aman untuk wanita hamil direktur cdc dr rochelle walensky mengatakan bahwa cdc mendorong semua wanita hamil atau yang berencana untuk hamil dan yang sedang menyusui untuk mendapatkan vaksinasi demi melindungi diri dari covid khususnya varian delta disinformasi', 'ratusan warga australia meninggal karena vaksin corona di berupa sebuah infografis yang mengklaim kematian warga australia akibat covid berjumlah satu orang sementara orang meninggal dunia karena vaksin covid jumlah tersebut diambil dari januari hingga mei dengan mencatut logo lembaga bpom australia tga kumparan com data tersebut bukan angka kematian akibat vaksin covid melainkan laporan kasus meninggal dunia dari proses imunisasi secara umum dalam laporan tga pada mei sebanyak orang dilaporkan meninggal dunia setelah diimunisasi data tersebut diperbaharui hingga mei disinformasi', 'banyak data orang meninggal karena vaksin covid postingan di facebook yang menyebutkan banyaknya data orang yang meninggal dunia akibat vaksin covid dalam postingannya akun tersebut juga mengklaim memiliki banyak bukti bahwa vaksin covid mempunyai efek samping yang berbahaya kompas com hal tersebut dibantah oleh ketua komnas kejadian ikutan pasca imunisasi kipi hindra irawan satari ia mengatakan bahwa informasi yang beredar tersebut alias hoaks karena hingga saat ini tidak ada yang meninggal dunia karena vaksin covid lebih lanjut hindra menjelaskan jika di kemudian hari ada yang meninggal dunia karena vaksin covid maka pihaknya akan langsung mengeluarkan rekomendasi untuk menghentikan vaksinasi tetapi sampai sekarang ini masih merekomendasikan dan menyatakan vaksin covid aman selain itu hindra juga menegaskan vaksin covid tidak memiliki efek samping yang berbahaya pasalnya vaksin covid sinovac yang digunakan indonesia berisi virus mati inactivated hoaks']"
36,153,36_uang_pecahan_rupiah_mata uang,"['uang', 'pecahan', 'rupiah', 'mata uang', 'bi', 'bank', 'kertas', 'uang kertas', 'bank indonesia', 'triliun']","['bank indonesia resmi keluarkan uang rp1 video di instagram yang mengeklaim bahwa bank indonesia bi secara resmi mengeluarkan uang senilai rp1 dalam unggahan tersebut terlihat selembar uang dengan nominal rp1 dan narasi uang baru bank indonesia resmi mengeluarkan uang baru belakang di uang baru tersebut dalam pecahan seratus ribu turnbackhoax id adalah kepala departemen pengelolaan uang bi marlison hakim menegaskan bahwa unggahan video tersebut merupakan hoaks sebab uang emisi terakhir yang dikeluarkan bi adalah rupiah emisi adapun rupiah emisi tersebut terdiri dari pecahan uang rupiah kertas rupiah kertas rp100 ribu rp50 ribu rp20 ribu rp10 ribu rp5 rp2 dan rp1 masyarakat diimbau untuk bersikap waspada terhadap hoaks serupa yang beredar di masyarakat hoaks', 'uang kertas emisi terbaru bergambar sri mulyani beredar beberapa unggahan informasi di facebook yang mengeklaim bahwa terdapat uang kertas emisi terbaru bergambar menteri keuangan menkeu sri mulyani terlihat dalam salah satu unggahan tersebut narasi bakal ada uang baru tahun ini disertai perubahan sejumlah pecahan mata uang rupiah klaim yang beredar tersebut adalah kompas com direktur eksekutif departemen pengelolaan uang bank indonesia bi marlison hakim membantah informasi yang beredar tersebut dirinya mengungkapkan bahwa perubahan sejumlah pecahan mata uang rupiah tersebut adanya uang emisi terakhir yang diterbitkan bi saat ini merupakan uang kertas tahun emisi te yang masih menggunakan tiga angka nol di belakangnya masyarakat diimbau untuk selalu bersikap waspada terhadap informasi serupa yang beredar hoaks', 'uang baru pecahan senilai rp1 juta telah beredar di tiktok sebuah unggahan video yang memperlihatkan uang kertas pecahan yang disebut bernilai rp1 juta rupiah klaim yang mengatakan bahwa terdapat pecahan uang kertas senilai juta rupiah adalah salah direktur departemen komunikasi bank indonesia bi junanto herdiawan menegaskan bahwa uang pecahan rupiah kertas yang berlaku saat ini nominal tertinggi adalah rp100 seratus ribu rupiah di samping itu head of corporate secretary percetakan uang republik indonesia peruri adi sunardi mengatakan bahwa uang dalam video viral tersebut adalah uang spesimen yang tidak bisa digunakan untuk berbelanja hoaks']"
37,111,37_tsunami_gempa_bmkg_meteorologi,"['tsunami', 'gempa', 'bmkg', 'meteorologi', 'geofisika', 'geofisika bmkg', 'badan meteorologi', 'gempa bumi', 'klimatologi geofisika', 'meteorologi klimatologi']","['bmkg keluarkan informasi potensi tsunami pascagempa jayapura januari telah beredar di facebook sebuah unggahan yang mengklaim bahwa badan meteorologi klimatologi dan geofisika bmkg menginformasikan mengenai adanya potensi tsunami seusai gempa jayapura pada januari klaim yang mengatakan bahwa informasi dari bmkg yang mengatakan bahwa akan ada tsunami seusai gempa jayapura januari liputan6 com hasil monitoring bmkg untuk gempa dari tanggal januari hingga pukul wit di wilayah jayapura gempa bumi teramati terbesar memiliki magnitudo m5 dan tidak berpotensi tsunami hoaks', 'informasi waspada tsunami di pulau sumatra pada tahun instagram yang menyebutkan akan terjadi gempa di pulau sumatra dan menimbulkan tsunami pada tahun dalam narasi postingan juga menyertakan pendapat kepala pusat gempa bumi dan tsunami badan meteorologi klimatologi dan geofisika bmkg rahmat triyono klaim yang menyebut akan terjadi gempa di pulau sumatra yang akan menimbulkan tsunami pada tahun adalah keliru liputan6 com kepala bidang mitigasi gempa dan tsunami bmkg daryono menyampaikan bahwa unggahan yang menyebut akan terjadi gempa di pulau sumatra yang akan menimbulkan tsunami pada tahun adalah tidak sepenuhnya benar daryono memastikan sumber gempa sesar sumatra di darat tidak ada hubungannya dengan tsunami yang akan terjadi pada tahun hoaks', 'tsunami akan terjang wilayah gorontalo pada juli unggahan foto di facebook yang memperlihatkan obrolan tentang akan adanya tsunami yang akan menerjang gorontalo pada bulan juli disebutkan pula terdengar sirine sebagai tanda akan tsunami dan adanya kenaikan permukaan air di jembatan talumolo kota gorontalo turnbackhoax id informasi terkait tsunami tersebut dan telah dibantah oleh badan meteorologi klimatologi dan geofisika bmkg dilansir juga dari rri co id bmkg telah mengeluarkan pernyataan terkait isu tsunami gorontalo bmkg menyebutkan bahwa pesan tersebut adalah informasi palsu bmkg juga menjelaskan bahwa peringatan tsunami hanya bisa dikeluarkan jika terjadi gempa bumi padahal gempa bumi belum dapat diprediksi kapan terjadi dimana dan waktunya bmkg mengimbau masyarakat tetap tenang dan beraktivitas seperti biasa hoaks']"
38,98,38_kanker_payudara_menyebabkan kanker_sel,"['kanker', 'payudara', 'menyebabkan kanker', 'sel', 'menyebabkan', 'kulit', 'dr', 'tumor', 'makanan', 'menyembuhkan']","['kedelai meningkatkan resiko kanker payudara disinformasi postingan di yang memberikan informasi bahwa kedelai bisa meningkatkan resiko kanker payudara setelah dilakukan penelusuran liputan6 com ahli onkologi medik dr aru w sudoyo membantah anggapan tersebut kedelai justru mempunyai manfaat besar dalam mencegah kanker payudara karena hormon estrogen yang terkandung pada kedelai mampu memblok menahan pertumbuhan sel kanker dan dapat mencegah wanita kena kanker payudara dr aru juga menekankan bahwa hormon yang ada di dalam kedelai disebut fitoestrogen atau isoflavon justru memproteksi atau melindungi wanita dari kanker payudara', 'memakai bra saat tidur sebabkan kanker payudara hoaks banyak wanita percaya bahwa memakai bra saat tidur dapat menjadi penyebabkan kanker payudara pemakaian bra saat tidur dan kanker payudara tidak ada hubungannya penyebab utama kanker payudara lebih dipengaruhi oleh faktor genetik apabila terdapat garis keturunan kanker payudara maka seseorang memiliki resiko terserang kanker payudara selain itu pola hidup yang tidak sehat juga dapat menyebabkan kanker payudara', 'penyebab kanker payudara hoaks telah beredar di informasi yang menjelaskan terkait penyebab kanker payudara dalam postingan tersebut dijelaskan hubungan antara bh dan kanker payudara seperti halnya jenis dan warna bh adalah beberapa faktor resiko penyebab munculnya kanker payudara setelah ditelusuri lebih lanjut tidak ada bukti yang kuat mengenai hubungan bh atau bra dengan resiko kanker payudara kanker payudara bisa jadi disebabkan oleh banyak faktor namun yang utama sering dipicu oleh siklus bulanan hormon normal wanita gejala awal kanker payudara biasanya ditandai dengan benjolan kanker pada payudara selain adanya benjolan perubahan warna pada payudara adanya ruam pada puting susu gatal dan adanya iritasi pada payudara juga merupakan gejala awal kanker payudara']"
39,113,39_bayi_hamil_ibu_kehamilan,"['bayi', 'hamil', 'ibu', 'kehamilan', 'melahirkan', 'ibu hamil', 'wanita', 'lahir', 'dr', 'telur']","['kulit bayi baru lahir melepuh karena sang ibu divaksin covid sebuah akun facebook diketahui mengunggah gambar seorang bayi yang kulit paha dan punggungnya memerah kulit bayi itu diklaim melepuh karena efek dari vaksin yang diterima sang ibu menurut dokter spesialis patologi klinik rumah sakit rs universitas sebelas maret uns surakarta dr tonang dwi ardyanto sp pk k ph d fisqua sampai saat ini tidak ada bukti vaksinasi covid saat hamil dapat menyebabkan kulit bayi yang baru lahir melepuh ia juga menyebut gangguan pada kulit bayi ada beberapa jenis pertama hemolytic disease of newborn hdn yaitu penggumpalan dan pecahnya lisis eritrosit sel darah merah janin atau bayi baru lahir hal ini diakibatkan ketidakcocokan inkompatibilitas golongan darah rhesus antara ibu dan janin yang dikandungnya ketidakcocokan itu memicu reaksi imunologi berujung pada penggumpalan dan pecahnya sel darah merah janin kedua staphylococcal scalded skin syndrome s4 hal ini terjadi karena infeksi oleh bakteri staphylococcus aureus bakteri tersebut memicu peradangan berat hingga kulit bisa mengelupas kedua penyakit tersebut tidak berhubungan dengan pemberian vaksin covid pada ibu hamil sebelum era covid pun ibu hamil kadang diberikan vaksinasi tetanus toksoid untuk mencegah risiko infeksi tetanus hoaks', 'bayi bulan di provinsi sumatera barat hamil facebook yang mengeklaim bayi berusia bulan mengalami kehamilan narasi tersebut disertai dengan foto bayi dengan perut yang membesar dan tangkapan layar tayangan berita klaim yang menyebut bayi berusia bulan dinyatakan hamil adalah kompas com tangkapan layar pemberitaan mengenai bayi itu identik dengan unggahan pada kanal youtube official inews yang diunggah pada oktober dalam video disebutkan seorang bayi di provinsi sumatera barat dinyatakan hamil setelah dilakukan operasi penyebab perut bayi itu membesar atau membengkak adalah tumor budi pratama arnofyan ketua tim dokter bedah yang menangani bayi tersebut menjelaskan bahwa tumor telah berhasil diangkat dan akan dilakukan pemeriksaan lebih lanjut untuk mengetahui isinya hoaks', 'pisang dempet sebabkan anak lahir dengan kondisi kembar siam informasi di facebook yang menyebut bahwa calon ibu atau wanita yang sedang hamil tidak diperbolehkan memakan pisang dempet karena dapat menyebabkan bayi akan terlahir menjadi kembar siam atau kondisi di mana bayi kembar terlahir dengan fisik yang terhubung adalah keliru tempo co dr mochammad hud suhargono spog menyebut tidak ada hubungannya antara ibu hamil mengonsumsi pisang dempet dengan lahirnya bayi dengan kembar siam ia menjelaskan bahwa kembar siam terjadi karena gagal terpisahnya embrio setelah sel telur dibuahi sel spermatozoa menurut dr suhargono pisang dempet masih aman dikonsumsi bagi ibu hamil hanya saja ibu hamil disarankan untuk memeriksa kondisi kandungannya secara rutin sejak awal kehamilan untuk memastikan kesehatan ibu dan janinnya hoaks']"
40,121,40_stroke_jantung_obat_terawan,"['stroke', 'jantung', 'obat', 'terawan', 'darah', 'dr', 'nyeri', 'penyakit', 'dokter', 'mempromosikan']","['cnn indonesia mempromosikan obat diabetes dari dr terawan agus putranto telah informasi hasil tangkapan layar dari artikel cnn indonesia yang mempromosikan obat diabetes yang dikembangkan oleh mantan menteri kesehatan dr terawan agus putranto unggahan tersebut memuat sejumlah klaim bahwa terawan adalah dokter spesialis pengobatan diabetes di indonesia yang telah menyelamatkan ribuan nyawa dia kemudian diklaim meluncurkan program indonesia tanpa diabetes klaim yang memperlihatkan bahwa laman cnn indonesia memuat konten promosi obat diabetes adalah keliru cekfakta com penelusuran dari laman facebook resmi cnn indonesia tidak ditemukan berita terkait konten promosi obat diabetes tersebut foto dr terawan agus putranto yang digunakan di dalam situs itu telah disunting dari konten aslinya yang berupa video berjudul menkes terawan bentuk tim atasi permasalahan bpjs pada channel youtube cnn indonesia disinformasi', 'video tata cara pertolongan pertama penyakit stroke dengan menusuk ujung jari unggahan video di facebook yang menampilkan tata cara pertolongan pertama pada orang yang terkena stroke dengan menusukkan jarum di ujung jari jari unggahan video tersebut memperlihatkan telapak tangan seseorang dengan narasi bahwa pertolongan pertama pada penyakit stroke dapat dilakukan dengan menusuk ujung jari jari secara cepat hingga keluar darah sedikit klaim dalam unggahan video tersebut adalah keliru cekfakta tempo co spesialis neurologi di rumah sakit umum daerah rsud dr abdoer rahem situbondo dr m reza fathoni sp n menjelaskan bahwa penyembuhan penyakit stroke tidak dapat dilakukan dengan cara menusuk ujung jari jari menggunakan jarum atau dengan sistem dan fashdu hal tersebut hanya bisa dilakukan untuk tujuan memperlancar peredaran darah lebih lanjut apabila terkena penyakit stroke terutama jenis trombotik atau penyumbatan pasti mengalami pengentalan darah sehingga seumur hidup memerlukan obat antiplatelet pengencer darah seperti jenis aspilet clopidogrel untuk diminum setiap hari sebagai secondary prevention terjadinya serangan stroke ulang hoaks', 'gerakan tangan untuk mencegah stroke penyumbatan pembuluh darah dan jantung unggahan video pendek di facebook yang menunjukkan gerakan cara mencegah stroke dan penyumbatan pembuluh darah dan jantung akibat pengentalan darah tempo co spesialis penyakit dalam subspesialisasi hematologi onkologi medik prof dr dr zubairi djoerban sppd khom mengatakan bahwa upaya untuk mencegah stroke maupun serangan jantung dengan menggerakkan jari tangan harus dibuktikan dengan penelitian hal senada disampaikan oleh dokter spesialis jantung dan pembuluh darah dari rsud dr hm rabain muara enim provinsi sumatera selatan dr sondang jasmine mustikasari sp jp bahwa gerakan tangan yang dicontohkan tidak termasuk dalam aktivitas fisik yang direkomendasikan untuk pencegahan penyakit jantung tidak ada referensi ilmiah yang menjelaskan manfaat gerakan tersebut hoaks']"
41,128,41_pajak_tarif_listrik_harga,"['pajak', 'tarif', 'listrik', 'harga', 'bbm', 'kenaikan', 'pln', 'harga bbm', 'denda', 'subsidi']","['bahlil lahadalia ajak pln naikkan harga token listrik berisi narasi bahwa menteri energi dan sumber daya mineral esdm bahlil lahadalia disebut mengajak pt pln persero untuk menaikkan harga token listrik narasi tersebut adalah atau hoaks kompas com setelah dilakukan penelusuran tidak ditemukan pernyataan resmi dari bahlil lahadalia maupun kementerian esdm yang memerintahkan atau meminta pln menaikkan harga token listrik antaranews com kementerian esdm menetapkan tarif tenaga listrik triwulan i januari maret untuk pelanggan non subsidi dan subsidi tidak mengalami kenaikan pelaksana tugas direktur jenderal ketenagalistrikan kementerian esdm tri winarno mengatakan keputusan tersebut diambil meski secara formula terdapat potensi penyesuaian tarif tarif tenaga listrik bagi golongan pelanggan bersubsidi juga tidak mengalami perubahan dengan subsidi listrik tetap diberikan pemerintah kebijakan tersebut merupakan upaya menjaga daya beli masyarakat sekaligus memberikan kepastian dan stabilitas ekonomi bagi rumah tangga dan pelaku usaha pada awal', 'tarif listrik per juli naik secara nasional facebook yang mengeklaim adanya informasi bahwa kementerian energi dan sumber daya mineral esdm mengumumkan kenaikan tarif listrik mulai juli secara nasional adalah atau hoaks antaranews com kementerian esdm menegaskan bahwa tarif listrik pt pln persero untuk triwulan iii periode juli september tidak mengalami kenaikan tarif tetap berlaku untuk golongan pelanggan non subsidi guna menjaga daya beli masyarakat selain itu tarif untuk golongan pelanggan subsidi juga tidak mengalami perubahan sesuai peraturan menteri esdm nomor tahun penyesuaian tarif listrik untuk pelanggan non subsidi memang dilakukan setiap tiga bulan dengan mempertimbangkan parameter ekonomi makro', 'bahlil umumkan bbm naik persen pada april facebook yang mengeklaim bahwa menteri energi dan sumber daya mineral esdm bahlil lahadalia mengumumkan kenaikan bahan bahar minyak bbm akan naik sebesar persen pada april adalah kompas com bahlil tidak mengumumkan isu kenaikan harga bbm akan tetapi menanggapi isu kenaikan harga bbm non subsidi menurut bahlil formulasi harga bbm telah diatur dalam peraturan menteri esdm tahun regulasi itu mengatur harga bbm industri dan non industri bbm industri yang dimaksud misalnya bensin ron dan ron sementara itu bahlil telah mengumumkan bahwa harga bbm subsidi tidak akan mengalami kenaikan meski harga minyak mentah dunia sedang bergejolak dengan demikian harga bbm subsidi jenis pertalite tetap sebesar rp10 per liter sementara biosolar tetap rp6 per liter']"
42,369,42_prabowo_ma ruf_ruf_ma,"['prabowo', 'ma ruf', 'ruf', 'ma', 'kpu', 'amin', 'ruf amin', 'luhut', 'hasil tangkapan', 'jokowi']","['ma ruf amin jual minuman keras hukumnya boleh untuk membantu kas negara beredar di sebuah foto hasil tangkapan layar dari salah satu portal berita berjudul jual minuman keras hukumnya boleh untuk membantu kas negara dengan tanggal rilis rabu februari pada artikel tersebut terdapat foto wakil presiden ri yang juga merupakan ketua dewan pertimbangan majelis ulama indonesia kh ma ruf amin foto hasil tangkapan layar tersebut merupakan hasil suntingan berdasarkan hasil penelusuran pada indeks berita milik kompas com tidak ditemukan berita dengan narasi judul serupa yang dirilis pada hari rabu februari adapun merujuk pada tanggal rilis yang tertera dan kesamaan foto dalam artikel diketahui judul asli dari artikel tersebut adalah wapres ma ruf amin disuntik vaksin covid sinovac pagi ini disinformasi', 'ma ruf amin minta rakyat pakai kayu bakar untuk masak tangkapan layar artikel berita di twitter berjudul wapres minta rakyat pakai kayu bakar saat masak biar irit dengan foto ilustrasi wakil presiden wapres ma ruf amin berpidato di podium dalam tangkapan layar tersebut juga tertera tanggal publikasi yaitu september serta nama jurnalis yang menulis konten tersebut berdasarkan penelusuran merdeka com tangkapan layar artikel berita yang beredar tersebut merupakan hasil suntingan diketahui artikel aslinya diunggah oleh situs berita okezone com berjudul wapres ma ruf amin prof azyumardi azra akademisi berkaliber dunia pada september pukul wib dengan nama jurnalis binti mufarida persamaan lainnya juga terlihat dari foto wapres ma ruf amin menggunakan batik yang didominasi warna cokelat dan memakai kopiah sementara itu tidak ditemukan informasi dari media daring yang menyebutkan wapres ma ruf amin meminta masyarakat memasak menggunakan kayu bakar agar lebih irit disinformasi', 'gambar artikel berjudul ma ruf amin kas negara menipis ma ruf amin minta rakyat sisihkan harta bantu pemerintah unggahan gambar berupa tangkapan layar di facebook yang menampilkan artikel berita berjudul ma ruf amin kas negara menipis ma ruf amin minta rakyat sisihkan harta bantu pemerintah unggahan gambar tersebut dilengkapi dengan narasi mana cebong yg mengharapkan gratisan itu pantesan janji kampret tinggal menunggu unggahan gambar yang menampilkan tangkapan layar berupa artikel tersebut adalah turnbackhoax id unggahan gambar tersebut merupakan hasil suntingan dari artikel asli yang termuat di laman liputan6 com berjudul ma ruf amin kekerasan di ponpes mencoreng dunia pesantren yang dirilis pada agustus sebelumnya isu yang sama pernah dirilis oleh kemkominfo pada tanggal september pada laman kominfo go id artikel tersebut membahas mengenai pernyataan wakil presiden wapres ma ruf amin terhadap peristiwa kekerasan yang terjadi di salah satu pesantren di tangerang wapres menyatakan bahwa anak anak tidak boleh diajarkan kekerasan karena hal itu akan terbawa hingga dewasa wapres juga mengatakan bahwa dakwah harus dilakukan dengan cara yang baik dengan demikian informasi pada unggahan tersebut adalah hoaks']"
43,153,43_mobil_motor_sepeda_kendaraan,"['mobil', 'motor', 'sepeda', 'kendaraan', 'esemka', 'sepeda motor', 'plat', 'polisi', 'pengendara', 'mobil esemka']","['foto pemerintah sudah launching mobil esemka terbaru series j owi warna hitam elegan beredar di sosial media facebook sebuah foto mobil yang diklaim sebagai mobil esemka series terbaru narasi pada foto tersebut adalah woooo di rezim kali ini pemerintah sudah launching mobil esemka terbaru kalau ini series j owi loh dengan dengan warna hitam elegan cocok untuk disumbangkan kalau kita terkena kasus korupsi akun facebook forum anti fitnah hasut dan hoax yang dikelola oleh mafindo mobil tersebut bukan produk esemka mobil di foto itu adalah mobil bugatti la voiture noire foto yang diunggah oleh sumber klaim telah diedit dengan menambahkan logo esemka foto yang identik diunggah pada artikel berjudul bugatti la voiture noire revealed as most expensive new car of all time yang dimuat di situs autocar co uk pada maret di foto itu pada bagian depan mobil terdapat lambang bugatti bukan logo esemka seperti yang ada di foto yang diunggah oleh sumber klaim disinformasi', 'stut motor mogok ditilang rp250 ribu informasi di facebook yang menyebutkan bahwa polisi akan menilang sebesar rp250 ribu kepada pengendara sepeda motor yang melakukan stut kendaraan kompas com direktur lalu lintas polda metro jaya sambodo purnomo yogo membantah bahwa polisi akan menilang pengendara sepeda motor yang melakukan stut motor stut motor sendiri artinya adalah mendorong motor yang mogok dengan kaki oleh pengendara lain dalam praktiknya stut motor dianggap berbahaya di jalan raya menurut sambodo motor yang distut menandakan seorang pengendara tengah mengalami masalah pada kendaraannya polisi seharusnya memberikan pertolongan bukan penilangan sambodo kembali menegaskan bahwa direktorat lalu lintas polda metro jaya tidak akan pernah mengeluarkan sanksi tilang kepada pemotor yang tengah melakukan stut kendaraan hoaks', 'penampakan mobil ghoib esemka beredar di facebook sebuah foto yang diklaim merupakan foto mobil esemka dengan narasi ini penampakkan mobil ghoib dan hanya para cebong yang bisa menjelaskannya mana depan mana belakang dan mana yang disamping jelasin yang sejalas jelasnya ya bong biar cepat laku terjual mobil ghoib ini liputan6 com klaim foto penampakan mobil esemka adalah foto tersebut mengarah pada situs memedroid com situs tersebut memuat foto mobil yang identik dengan klaim foto penampakan mobil esemka namun tidak terdapat tulisan esemka pada mobil tersebut disinfomasi']"
44,89,44_masker_penggunaan masker_memakai masker_denda,"['masker', 'penggunaan masker', 'memakai masker', 'denda', 'razia', 'penggunaan', 'menggunakan masker', 'memakai', 'mengenakan masker', 'wajah']","['penggunaan masker scuba dilarang karena alasan politik beredar postingan di facebook berupa tangkapan layar pemberitaan sejumlah media televisi terkait larangan penggunaan masker bertipe scuba larangan menggunakan masker scuba disebut sebut merupakan bagian dari politik perusahaan berdasarkan penelusuran klaim bahwa masker scuba dilarang karena alasan politik adalah keliru larangan penggunaan masker bertipe scuba lebih kepada aspek fungsinya masker tersebut dianggap tidak efektif mencegah penyebaran covid bukan karena politik perusahaan menurut juru bicara satgas penanganan covid wiku adisasmito masker scuba dan buff dinilai sebagai masker dengan satu lapisan tipis dan mudah ditarik ke leher serta penggunaannya dirasa tidak berarti sebagai pencegahan wiku merekomendasikan masker bedah atau masker kain yang terdiri dari tiga lapisan kain katun disinformasi', 'razia masker di cilacap tidak pakai masker denda rp ribu melalui pesan berantai whatsapp yang menyebut adanya razia masker yang digelar di depan terminal cilacap disebutkan juga bahwa yang kedapatan tidak menggunakan masker di denda senilai rp ribu dibantah oleh kasat lantas polres cilacap akp fandy setiawan ia menyampaikan jika hal tersebut satlantas justru membagikan masker kepada pengendara yang belum mengenakan masker adapun para pengendara baru dihimbau untuk mengenakan masker namun jika nantinya ada aturan baik dari tingkat pusat maupun daerah terkait penggunaan masker maka sebagai penindak adalah satuan polisi pamong praja satpol pp hoaks', 'razia pemakai masker scuba dikenakan sanksi denda di surabaya postingan yang berisi tangkapan layar operasi gabungan tiga pilar di bulak rukem kenjeran surabaya menggelar operasi pengguna masker scuba akan disasar selain menjadi sasaran operasi yang akan mendapatkan sanksi denda dalam caption foto juga disebutkan bahwa pengguna masker scuba akan menjalani tes swab hal tersebut telah diklarifikasi oleh kapolsek kenjeran kompol esti setija oetami dengan mengatakan foto memang benar tapi caption foto atau pesan dalam foto itu hoax salah dan pemerintah tak pernah melarang masker scuba pemerintah menganjurkan jika memakai masker scuba itu harus dilapisi supaya standar sni lebih lanjut kompol esti menjelaskan pemakai masker scuba hanya akan dikenakan sosialisasi atau pengarahan namun jika penggunaan masker scuba sudah ada lapisan masker tambahan kain hal tersebut sudah sesuai anjuran ia mencontohkan seperti petugas tiga pilar juga memakai masker scuba namun petugas juga melapisi masker kain dan atau masker tiga lapis disinformasi']"
45,124,45_positif_positif covid_pasien_pasien covid,"['positif', 'positif covid', 'pasien', 'pasien covid', 'sakit', 'rumah sakit', 'pasien positif', 'kasus', 'dr', 'dinyatakan']","['hoaks kasus positif covid di surabaya naik informasi pada pesan berantai whatsapp mengenai kasus covid di surabaya sedang naik dikatakan pula karena adanya klaster baru di rumah sakit rkz dan beberapa tempat karantina menunjukkan kenaikan pasien turnbackhoax id dinas komunikasi dan informatika kota surabaya melalui akun instagram resminya sapawargasby menyampaikan bahwa terdapat pasien positif covid di asrama haji surabaya dan adapun rumah sakit lapangan indrapura sejak oktober dengan nol pasien positif covid hal ini diperkuat dengan pernyataan kepala dinas kesehatan kota surabaya drg febria rachmanita yang mengatakan bahwa saat ini kasus positif di kota surabaya sedang melandai dan tingkat positif berada di angka atau sangat rendah meski begitu masyarakat harus tetap patuh protokol kesehatan agar sewaktu waktu tidak terjadi lonjakan kembali hoaks', 'warga meranti positif covid beredar di informasi yang meresahkan masyarakat kecamatan suak tapeh kabupaten banyuasin sumatera selatan terkait adanya warga meranti yang positif covid setelah dirawat sekamar dengan pasien covid di rsmh palembang kepala puskesmas suak tapeh dr liceniati mengklarifikasi bahwa warga tersebut belum dinyatakan positif covid sebab masih dalam pemeriksaan medis ia juga menyampaikan jika pasien yang dikabarkan positif covid tersebut tidak mengalami demam tidak ada batuk pilek dan yang bersangkutan juga tidak pernah ke rsup dr mohammad hoesin rsmh adapun menurut liceniati yang bersangkutan baru ke rumah sakit pada tanggal mei namun ke rumah sakit siti khadijah pihaknya menyayangkan beredarnya karena telah meresahkan masyarakat banyuasin khususnya suak tapeh dan menghimbau agar masyarakat tidak menyebarkan informasi yang belum ada kebenarannya disinformasi', 'pasien positif covid kabur dari rumah sakit aloei saboe gorontalo sebuah pesan berantai menyebut informasi adanya salah satu pasien positif covid di rumah sakit aloei saboe gorontalo yang dikabarkan melarikan diri saat mendapatkan perawatan dalam pesan berantai itu disebut pasien bernama haris ismail menanggapi pihak rumah sakit aloei saboe rsas memastikan bahwa tidak ada pasien covid di gorontalo yang kabur dari rsas dr andang ilato direktur rsas kota gorontalo menyatakan bahwa sampai hari ini jumlah pasien positif covid adalah orang dan tidak ada pasien positif dengan nama haris ismail sementara itu sumarudin suratinoyo s ip kasubid data dan sistem informasi rsas mengungkapkan bahwa untuk pasien atas nama haris ismail memang merupakan pasien di rsas namun pasien itu belum terkonfirmasi positif covid berdasarkan hasil swab test dari laboratorium makassar dan tidak melarikan diri sebagaimana disebut dalam pesan berantai hoaks']"
46,88,46_gunung_erupsi_erupsi gunung_semeru,"['gunung', 'erupsi', 'erupsi gunung', 'semeru', 'gunung semeru', 'vulkanik', 'letusan', 'meletus', 'awan', 'geologi']","['video erupsi gunung merapi oktober beredar postingan di sebuah video erupsi gunung yang diklaim sebagai bagian dari erupsi gunung merapi postingan video tersebut dengan narasi gunung merapi di perbatasan jawa tengah dan yogyakarta senin pukul wib mengalami erupsi balai penyelidikan dan pengembangan teknologi kebencanaan geologi bpptkg menyebutkan awan panas menyembur dengan durasi detik dan amplitudo mm setelah dilakukan penelusuran memang benar telah terjadi erupsi gunung merapi pada hari senin oktober pukul wib akan tetapi video yang dibagikan tersebut bukan merupakan erupsi gunung merapi pada tanggal oktober melainkan video amatir pada saat erupsi gunung sinabung sumatera utara pada februari disinformasi', 'video erupsi gunung semeru desember unggahan berupa video yang memperlihatkan erupsi gunung disertai narasi cuplikan lain dari letusan semeru di pulau jawa di indonesia salah satu akun twitter yang mengunggah video tersebut mengklaim bahwa video yang diunggahnya merupakan potret erupsi gunung semeru pada sabtu desember video yang diklaim sebagai erupsi gunung semeru tersebut adalah keliru liputan6 com video yang diunggah akun twitter tersebut adalah potret erupsi gunung berapi calbuco di chili selatan pada april bukan erupsi gunung semeru pada sabtu desember disinformasi', 'video letusan gunung marapi beredar di facebook unggahan video rekaman peristiwa erupsi gunung yang diklaim sebagai gunung marapi kompas com mengeklaim video tersebut merupakan peristiwa erupsi gunung marapi yang terjadi pada minggu desember adalah keliru video yang beredar itu adalah video erupsi gunung sinabung yang meletus pada februari silam hoaks']"
47,104,47_bank indonesia_bank_mengatasnamakan bank_dana,"['bank indonesia', 'bank', 'mengatasnamakan bank', 'dana', 'surat', 'bi', 'indonesia bank', 'indonesia surat', 'resminya bank', 'transfer']","['surat perjanjian verifikasi saldo mengatasnamakan bank indonesia surat perjanjian anggota mengenai verifikasi saldo yang mengatasnamakan bank indonesia surat perjanjian verifikasi saldo yang mengatasnamakan bank indonesia tersebut adalah bank indonesia melalui akun instagram resminya bank indonesia menyampaikan bahwa bank indonesia tidak pernah mengeluarkan surat tersebut pihaknya juga menjelaskan bahwa pengecekan atau verifikasi saldo tidak dapat dilakukan melalui bank indonesia karena bank indonesia merupakan bank sentral yang tidak melakukan kegiatan komersial perbankan hoaks', 'surat sertifikasi emas mengatasnamakan bank indonesia surat pembuktian konfirmasi pengalihan dana dan sertifikasi emas mengatasnamakan bank indonesia bank indonesia melalui akun instagram resminya bank indonesia menyatakan bahwa dokumen tersebut adalah palsu bank indonesia menegaskan tidak melakukan penerbitan sertifikat emas seperti yang beredar sebagai bank sentral bank indonesia juga tidak melakukan penerbitan dokumen pengalihan dana lebih lanjut masyarakat diimbau jika menerima informasi meragukan terkait bank indonesia agar dapat menghubungi contact center bank indonesia call and interaction bicara di nomor telepon hoaks', 'surat pencairan deposito mengatasnamakan bank indonesia lampiran surat pencairan dana deposito yang disertai dengan logo dan keterangan bank indonesia pada surat tersebut terdapat keterangan nasabah nominal uang dan tanda tangan yang disertai materai surat pencairan deposito tersebut adalah palsu melalui akun twitter resmi bank indonesia bank indonesia dan instagram resmi bank indonesia bank indonesia pihak bank indonesia menegaskan bahwa surat tersebut dijelaskan pula bahwa bank indonesia tidak pernah melayani perihal pencairan deposito hoaks']"
48,78,48_rusia_australia_putin_vladimir putin,"['rusia', 'australia', 'putin', 'vladimir putin', 'vladimir', 'ukraina', 'presiden rusia', 'perang', 'rusia vladimir', 'pulau pasir']","['video korea utara terlibat di pulau pasir video di facebook yang mengklaim presiden rusia vladimir putin tidak hadir di konferensi tingkat tinggi ktt g20 karena sibuk memancing ikan kompas com kabar presiden rusia vladimir putin tidak hadir di ktt g20 karena sibuk memancing ikan adalah keliru video tersebut merupakan video yang sudah lama beredar video itu adalah potongan dari rangkaian kegiatan presiden vladimir putin saat berlibur ke republik tuva siberia pada dalam video putin terlihat memancing dan berburu ikan di bawah air adapun alasan ketidakhadiran putin adalah karena jadwal yang mengharuskan dia tetap berada di rusia disinformasi', 'amerika serikat kirim bomber nuklir dan kapal induk untuk halangi presiden rusia vladimir putin ke ktt g20 di bali video di facebook yang memperlihatkan kapal induk amerika serikat dan sejumlah pesawat tempur dengan narasi bahwa amerika serikat mengirimkan bomber nuklir dan kapal induk ke nusa tenggara timur ntt agar presiden joko widodo tidak melawan australia dan batal mengundang presiden rusia vladimir putin dalam acara konferensi tingkat tinggi ktt g20 di bali pasalnya jika presiden rusia vladimir putin datang bersamaan dengan presiden amerika serikat joe biden perairan laut bali akan dipenuhi dengan kapal perang dan kapal induk milik amerika serikat dan rusia yang siap saling menyerang berdasarkan penelusuran cekfakta tempo co klaim dalam video yang beredar tersebut adalah keliru video tersebut merupakan hasil suntingan yang menggabungkan sejumlah dokumentasi video dengan konteks berbeda dan sama sekali tidak ada kaitannya dengan ktt g20 di bali media australia abc net au menyebut bahwa amerika serikat berencana menempatkan bomber berkemampuan nuklir ke australia utara bukan di ntt sedangkan becca wasser dari center for new american security mengatakan menempatkan b di australia utara adalah peringatan bagi cina karena persiapan serangan beijing terhadap taiwan sedang meningkat disinformasi', 'presiden rusia vladimir putin meminta indonesia angkat senjata melawan australia telah beredar di instagram sebuah unggahan video pidato presiden rusia vladimir putin dengan thumbnail yang bertuliskan pulau pasir diklaim australia vladimir putin menghimbau indonesia angkat senjata klaim yang mengatakan bahwa presiden rusia vladimir putin meminta indonesia angkat senjata melawan australia terkait kepemilikan pulau pasir adalah kompas com video yang beredar tersebut merupakan cuplikan dari pidato putin pada maret lalu ketika presiden rusia itu menjawab kekhawatiran para ibu istri saudara perempuan serta kekasih dari pria rusia yang diterjunkan ke medan perang di ukraina isi pidato itu telah disunting dan diubah untuk mendukung narasi palsu yang mengklaim putin meminta indonesia mengangkat senjata melawan australia hoaks']"
49,157,49_sakit_rumah sakit_pasien_rsud,"['sakit', 'rumah sakit', 'pasien', 'rsud', 'pengobatan', 'ida dayak', 'ida', 'dokter', 'dr', 'dayak']","['sby dirawat di rumah sakit pada april facebook yang mengeklaim bahwa susilo bambang yudhoyono sby sedang dirawat dan terbaring di rumah sakit pada april adalah kompas com diketahui bahwa foto tersebut adalah momen ekonom rizal ramli dan presiden prabowo subianto menjenguk sby di rumah sakit pusat angkatan darat rspad jakarta pada juli pada saat itu sby dirawat di rumah sakit karena kelelahan usai mengikuti agenda di kabupaten pacitan dan kota yogyakarta tidak ada informasi valid yang membenarkan bahwa sby dirawat di rumah sakit pada april', 'pengobatan alternatif ida dayak di kota madiun pada oktober beredar poster di facebook yang menyebut ida dayak akan melakukan pengobatan alternatif di gedung graha cendekia universitas pgri madiun unipma pada sampai oktober kompas com kabar tersebut hoaks kepala seksi humas polres madiun kota ipda ahmad ubaidillah menjelaskan bahwa sampai saat ini tidak ada informasi valid soal pengobatan ida dayak di wilayahnya selain itu juga belum ada izin kegiatan tersebut di satuan intelijen keamanan santilkem polres madiun kota selain itu pengelola gedung graha cendekia juga memastikan menurut pengelola tidak ada peminjaman gedung untuk kegiatan pengobatan ida dayak pada sampai oktober hoaks', 'pengobatan ida dayak di kecamatan kalianda kabupaten lampung selatan pada februari yang membagikan informasi terkait ida dayak akan melakukan pengobatan alternatif di gedung aula seandanan kecamatan kalianda kabupaten lampung selatan dalam jelaskan bahwa pengobatan ida dayak akan berlangsung pada dan februari informasi yang menyebut ida dayak akan melakukan pengobatan di gedung aula seandanan kecamatan kalianda kabupaten lampung selatan adalah atau hoaks lampung tribunnews com kapolres lampung selatan akbp yusriandi yusrin mengatakan bahwa setelah dicek ke lokasi tidak ditemukan informasi ida dayak akan melakukan pengobatan di gedung aula seandanan kecamatan kalianda lebih lanjut pihak kelurahan way urang kecamatan kalianda juga memastikan karena tidak ada kegiatan pengobatan ida dayak di gedung aula seandanan pada sampai februari untuk itu masyarakat kabupaten lampung selatan diminta untuk tidak tertipu berita bohong terkait kehadiran pengobatan ida dayak di kecamatan kalianda hoaks']"
50,138,50_penutupan_psbb_ditutup_pembatasan,"['penutupan', 'psbb', 'ditutup', 'pembatasan', 'ppkm', 'wisata', 'ppkm darurat', 'bandara', 'pembatasan berskala', 'beroperasi']","['psbb selama hari kedepan akses jalan purwakarta akan ditutup telah beredar video di dan pesan berantai yang menginformasikan bahwa kabupaten purwakarta memberlakukan psbb pembatasan sosial berskala besar pada hari kedepan dan akses jalan akan ditutup diskominfo kabupaten purwakarta dalam postingan pada akun facebook nya memastikan bahwa informasi dalam pesan tersebut video yang dimuat dalam pesan berantai dan tersebut merupakan video simulasi tactical floor game tfg sementara penutupan jalan yang sudah diberlakukan pada ruas jalan protokol hanya untuk menghindari kerumunan physical distancing disinformasi', 'daftar titik penutupan jalan saat psbb di cirebon beredar pada sebuah infografis yang memberikan keterangan daftar titik penutupan ruas jalan di kota dan kabupaten cirebon pada masa pemberlakuan psbb pembatasan sosial berskala besar yang sedang diberlakukan pemerintah jawa barat dan bukan berasal dari sumber yang kredibel polresta cirebon melalui akun nya menyebutkan informasi yang beredar itu dan menghimbau masyarakat agar tidak mempercayainya hoaks', 'beredar daftar ruas jalan yang ditutup selama psbb kabupaten bengkalis beredar di kopian daftar ruas jalan yang akan dilakukan penutupan dalam kopian tersebut disebutkan bahwa akses jalan mulai ditutup dari pukul wib wib kopian yang viral tersebut hanya melampirkan daftar akses jalan yang ada di kecamatan bengkalis dan akses jalan di kecamatan mandau adapun akses jalan yang ditutup di kecamatan bengkalis antara lain jl bengkalis simpang sungai bengkel simpang buah kabid di satpol pp bengkalis hengki irawan mengatakan kalau hoaks hal senada juga disampaikan oleh kepala dinas perhubungan kabupaten bengkalis melalui sekretaris dishub bengkalis zul asri ia membantah kalau dinas perhubungan telah mengeluarkan pembatasan tersebut terkait dengan psbb pembatasan sosial berskala besar zul asri menyatakan pihaknya memang mengeluarkan daftar ruas jalan yang akan dilakukan pembatasan selama psbb namun belum bisa disampaikan ke publik karena peraturan bupati perbup belum ditandatangani disinformasi']"
51,86,51_kecelakaan_mobil_truk_video kecelakaan,"['kecelakaan', 'mobil', 'truk', 'video kecelakaan', 'kecelakaan terjadi', 'tol', 'bus', 'kecelakaan mobil', 'sopir', 'kejadian kecelakaan']","['video kecelakaan truk di puncak bogor pada februari beredar di facebook unggahan video kecelakaan yang melibatkan mobil truk dan sepeda motor dengan klaim kejadian tersebut terjadi di wilayah puncak bogor pada februari unggahan video kecelakaan dengan klaim terjadi di puncak bogor pada februari adalah keliru berdasarkan penelusuran kompas com video tersebut merupakan kejadian kecelakaan di jalan raya puncak kampung pengkolan desa ciloto kecamatan cipanas kabupaten cianjur pada november selain itu tidak ditemukan informasi terkait kecelakaan di jalan raya puncak pada februari hoaks', 'tumpahan oli penyebab kecelakaan karambol di sekip solo disinformasi melalui broadcast whatsapp mengenai adanya kecelakaan karambol yang disebabkan oleh tumpahan oli di sepanjang jl kolonel sugiono di depan spbu sekip kadipiro kecamatan banjarsari kota solo pada sabtu petugas spbu sekip solo joko sunarno saat ditemui solopos com di spbu kolonel sugiono membenarkan memang ada kecelakaan di depan spbu sekip sekitar pukul wib pagi namun bukan kecelakaan karambol yang disebabkan tumpahan oli seperti informasi yang beredar kecelakaan tersebut cenderung kecelakaan biasa joko sunarno menjelaskan kecelakaan itu terjadi karena pengguna sepeda motor tidak bisa mengerem kecelakaan itu juga tidak menyebabkan luka parah pada korban dan telah diselesaikan secara mediasi sementara itu penelusuran tribunsolo com di sepanjang jalan yang dimaksud dalam pesan whatsapp tersebut juga tidak terlihat ada tumpahan oli', 'kecelakaan akibat daun berpaku hoaks kejadian kecelakaan tersebut bukan terjadi di madiun melainkan kecelakaan di malaysia pada tahun dan penyebab kecelakaan tersebut bukan di sebabkan terkena daun berpaku lama source']"
52,107,52_haji_saudi_arab_arab saudi,"['haji', 'saudi', 'arab', 'arab saudi', 'jemaah', 'dana haji', 'kemenag', 'jemaah haji', 'ibadah haji', 'agama']","['jemaah aceh tetap bisa berangkat ibadah haji tahun ini di facebook bahwa jamaah haji aceh tetap bisa menunaikan ibadah haji tahun liputan6 com klaim jemaah aceh tetap bisa menunaikan ibadah haji pembatalan keberangkatan jemaah haji berlaku bagi seluruh warga negara indonesia tanpa terkecuali selain itu menteri agama fachrul razi mengatakan pihaknya sudah melayangkan surat resmi ke pemerintah arab saudi soal pembatalan pemberangkatan jemaah haji indonesia disinformasi', 'ibadah haji batal karena pemerintah tidak setor ke arab saudi beredar postingan di facebook dalam narasinya menyebutkan bahwa penyebab gagalnya keberangkatan jemaah haji indonesia di tahun karena pemerintah tidak menyetor biaya ibadah haji ke pemerintah arab saudi medcom id klaim penyebab gagalnya keberangkatan jemaah haji indonesia tahun ini karena pemerintah tidak menyetor biaya ibadah haji ke pemerintah arab saudi adalah salah penyebab batalnya keberangkatan jemaah haji tahun adalah karena alasan pandemi covid disinformasi', 'arab saudi tolak jemaah haji indonesia karena belum bayar bea akomodasi calon jemaah haji di twitter yang mengabarkan perihal penolakan arab saudi terhadap jemaah haji dari indonesia dalam unggahan itu disebutkan arab saudi menolak jemaah haji dari indonesia bukan karena pandemi covid melainkan karena indonesia belum membayar bea akomodasi calon jemaah haji akibat dana haji yang telah digunakan oleh pemerintah untuk membiayai berbagai proyek pembangunan infrastruktur di indonesia berdasarkan hasil penelusuran informasi bahwa arab saudi menolak jemaah haji dari indonesia karena belum membayar bea akomodasi calon jemaah haji adalah laman kompas com diketahui pemerintah arab saudi kembali memberlakukan kebijakan baru untuk menekan laju pertumbuhan corona di negaranya yakni dengan menangguhkan masuknya orang orang ke kerajaan dari negara termasuk indonesia mulai februari namun kebijakan tersebut dikecualikan untuk diplomat warga negara arab saudi praktisi medis dan keluarga mereka turnbackhoax id kepala badan pengelola keuangan haji bpkh anggito abimanyu mengatakan dana haji yang dikumpulkan pada sebanyak rp triliun ditempatkan untuk deposito di perbankan syariah dan digunakan untuk membeli surat berharga bukan untuk membiayai berbagai proyek pembangunan infrastruktur di indonesia disinformasi']"
53,80,53_gempa_gempa bumi_bumi_magnitudo,"['gempa', 'gempa bumi', 'bumi', 'magnitudo', 'akibat gempa', 'mengguncang', 'berkekuatan', 'berkekuatan magnitudo', 'hancur', 'bangunan']","['wilayah lampung hancur berkeping keping akibat gempa beruntun pada agustus unggahan video di platform youtube memberikan sebuah klaim pada judul bahwa wilayah lampung hancur berkeping keping akibat gempa beruntun yang menerjang wilayah lampung berdasarkan hasil penelusuran dari turnbackhoax id ternyata narator hanya membacakan sebuah artikel yang diunggah oleh news okezone com yang berjudul gempa bumi terjadi di pesisir barat lampung dalam artikel tersebut tidak dijelaskan bahwa terjadi gempa yang menghancurkan wilayah lampung hingga berkeping keping rri co id gempa bumi berkekuatan magnitudo mengguncang wilayah kecamatan pesisir barat provinsi lampung pada senin agustus gempa bumi tersebut terjadi pada pukul wib berdasarkan informasi dari akun badan meteorologi klimatologi dan geofisika bmkg lokasi gempa pada koordinat lintang selatan atau bujur timur pusat gempa berada di kilometer barat daya pesisir barat dengan kedalaman kilometer dari temuan tersebut dapat disimpulkan bahwa klaim yang mengatakan lampung hancur berkeping keping adalah hoaks', 'gempa bumi berkekuatan magnitudo mengguncang provinsi aceh pada maret unggahan video di platform youtube yang mengeklaim bencana gempa bumi mengguncang provinsi aceh dengan kekuatan magnitudo gambar thumbnail video menampilkan kondisi gedung dan bangunan yang runtuh akibat bencana gempa bumi klaim dalam unggahan video tersebut adalah keliru turnbackhoax id narator hanya membacakan artikel yang termuat di laman detik com berjudul gempa m guncang aceh besar yang rilis pada februari artikel tersebut membahas mengenai bencana gempa bumi yang mengguncang kabupaten aceh besar dengan kekuatan magnitudo bukan berkekuatan magnitudo sebagaimana klaim dalam unggahan video hoaks', 'gempa bumi berkekuatan magnitudo guncang provinsi sulawesi utara dan hancurkan ribuan rumah unggahan video di platform youtube yang mengeklaim bencana gempa bumi berkekuatan magnitudo mengguncang provinsi sulawesi utara dan menghancurkan ribuan rumah gambar thumbnail video menampilkan kondisi bangunan yang hancur dengan suasana sedih yang menyelimuti sejumlah orang klaim dalam unggahan video tersebut adalah keliru turnbackhoax id narator dalam video hanya membacakan artikel yang termuat di laman medcom id berjudul gempa magnitudo guncang pulau karatung sulut yang dirilis pada maret artikel tersebut membahas mengenai gempa bumi yang terjadi di pulau karatung sulawesi utara dengan kekuatan magnitudo bukan berkekuatan magnitudo sebagaimana klaim yang beredar dalam video selain itu tidak terdapat informasi kredibel yang menyebutkan bahwa ribuan rumah telah hancur akibat gempa bumi tersebut pihak badan meteorologi klimatologi dan geofisika bmkg tetap mengimbau masyarakat untuk mewaspadai gempa bumi susulan hoaks']"
54,86,54_lgbt_pks_istri_pernikahan,"['lgbt', 'pks', 'istri', 'pernikahan', 'nikah', 'ruu', 'perempuan', 'menikah', 'laki', 'gay']","['homo lesbi sudah dilindungi hukum uu disinformasi telah beredar postingan di facebook yang berisi sebuah tulisan yang membahas mengenai seruan aksi para kaum homoseksual dan lesbi atau biasa disebut dengan lgbt yang menuntu agar mereka bebas dan dilindungi oleh hukum dan perundang undangan dalam hari perempuan internasional dalam tulisan tersebut terdapat menyebutkan bahwa maka jangan heran di tahun ini meskipun indonesia itu mayoritasnya masih muslim tapi sekarang ini kelompok homo lesbi sudah dilindungi hukum uu setelah ditelusuri pernyataan dalam tulisan tersebut adalah keliru hal tersebut sudah jelas dibantah oleh ketua dewan perwakilan rakyat bambang soesatya beliau menegaskan bahwa dalam uu yang sedang disusun dpr saat ini baik ruu kuhp maupun ruu penghapusan kekerasan seksual ruu pks tidak ada yang membuka ruang untuk melegalkan lgbt nah ini yang perlu diluruskan tidak ada satu kalimat pun yang memberi ruang dan peluang bagi pengesahan adanya lgbt maupun perzinaan baik itu di kuhp maupun ruu pks news detik com berita mengenai uu yang melegalkan lgbt ini sudah seringkali diangkat menjadi bahan untuk menyesatkan masyarakat padahal sudah jelas pernyataan ketua dpr yang telah dipublikasikan di berbagai media', 'menteri agama hadiri acara penghargaan lgbt tanda dukungan hoaks kabar bahwa menteri agama ri lukman hakim saifuddin mendukung kelompok lgbt lesbian gay biseksual dan transgender kembali menjadi bahan perbincangan publik namanya ramai diperbincangkan di usai beredarnya sebuah video unggahan akun facebook aksi mahasiswa acara dalam video tersebut bukanlah acara khusus kelompok lgbt seperti yang dituduhkan melainkan acara ulang tahun aliansi jurnalis independen aji ke pada agustus lalu dalam perayaan yang mengusung tema media ekspresi dan keberagaman aji memang menyerahkan buah penghargaan yaitu tasrif award udin award dan sk trimurti award tasrif award diberikan untuk pejuang pejuang kebebasan berekspresi dan mereka yang tak kenal lelah mencari dan menegakkan keadilan tahun tasrif award pun diberikan kepada forum lgbtiq lesbian gay biseksual transgender interseksual dan queer yang terdiri dari sejumlah organisasi individu dan kelompok yang memperjuangkan lgbt di indonesia menag lukman yang merupakan tamu undangan pun turut mengapresiasi pemberian penghargaan tersebut namun hal itu bukan berarti ia mendukung apalagi melegalkan lgbt di indonesia selain untuk forum lgbtiq tasrif award juga diberikan kepada kelompok international people tribunal ipt yang terdiri dari pihak pihak yang peduli pada tragedi kembali viralnya video lama tersebut dan banyaknya kecaman membuat menag lukman gerah melalui akun twitter resmi kemenag kemenag ri ia menegaskan prinsip dan sikapnya terhadap perilaku dan kelompok lgbt tindakan atau perilaku lgbt merupakan tindakan yang menyimpang menurut ajaran agama semua agama menolaknya dan karenanya saya pun menolak tindakan atau perilaku lgbt katanya dalam video tersebut namun baginya hal itu bukan berarti masyarakat dapat merendahkan dan mengucilkan kelompok lgbt kelompok lgbt pun masih merupakan saudara sebangsa dan sesama manusia yang juga memiliki hak asasinya baginya pendekatan empatik dengan memberikan bimbingan dan pendampingan akan lebih efektif dalam mengarahkan kelompok lgbt dan menekan meluasnya penyimpangan tersebut dibanding menggunakan kekerasan', 'tolak ruu pro zina hoaks penejelasan belakangan ini sosial media telah diramaikan dengan petisi online yang disebarkan oleh salah satu akun facebook yang bernama maimon herawati pada tanggal januari dalam petisan itu dijelaskan bahwasannya ruu penghapusan kekerasan seksual melegalkan perzinaan lgbt dan aborsi menurut komisioner komnas perempuan imam nakhae ie menegaskan ruu ini dibuat bukan untuk melegalkan perzinaan aborsi hingga lgbt dalam naskah ruu pks hanya mengatur kekerasan seksual dan perlindungan bagi korban karena melihat tingginya kekerasan seksual yang terjadi di negara kita ini beliau menambahkan bahwasannya sebetulnya petisi yang menolak ruu pks dengan alasan bahwa ruu pks pro zina pro aborsi pro lgbt dan seterusnya itu tidak membaca baik ruu itu']"
55,95,55_lockdown_zona_zona merah_merah,"['lockdown', 'zona', 'zona merah', 'merah', 'peta', 'hitam', 'karantina', 'bandung', 'kota bandung', 'gugus']","['penyebaran covid di kota bandung saat ini sudah berstatus zona merah telah informasi yang menyebutkan bahwa saat ini status penyebaran covid di kota bandung sudah berstatus zona merah kabar tersebut ramai beredar melalui broadcast whatsapp laman pusat informasi covid kota bandung per tanggal april dari seluruh wilayah kecamatan peta sebaran covid di kota bandung tidak mengindikasikan status zona merah seperti yang dapat dilihat melalui laman sementara itu laman instagram jabar saber hoaks diketahui informasi yang menyebut seluruh wilayah di kecamatan kota bandung sudah berstatus zona merah dapat ditemui pada rilis pemberitaan tirto id tanggal september dengan judul seluruh kecamatan di kota bandung jadi zona merah covid dalam artikel itu disebutkan seluruh kecamatan di kota bandung jawa barat menjadi zona merah sesuai dengan data yang ditampilkan dalam laman pusat informasi covid pusicov kota bandung koordinator bidang perencanaan data kajian dan analisis gugus tugas covid kota bandung ahyani raksanagara saat itu mengatakan terdapat kecamatan dengan kasus aktif positif covid hoaks', 'kota surabaya dari zona merah menjadi zona hitam viral di twitter perbincangan mengenai status kota surabaya menjadi zona hitam penyebaran corona yang menyebutkan bahwa kota surabaya tak lagi masuk zona merah tapi masuk zona hitam kompas com menurut kepala dinas komunikasi dan informatika provinsi jawa timur benny sampirwanto mengatakan bahwa peta surabaya bukan berwarna hitam melainkan merah tua per juni kota surabaya memasuki zona merah tua bukan hitam benny lebih lanjut menjelaskan bahwa degradasi tampilan warna covid kabupaten dan kota di jawa timur bisa dipantau melalui website infocovid19 jatim go id perubahan warna pada peta sesuai angka penambahan kasus positif dan untuk di kota surabaya peta berubah dari merah ke merah tua karena ada penambahan kasus positif hingga pada juni disinformasi', 'jakarta kembali zona merah dan bogor zona hitam di facebook terkait peta sebaran covid wilayah dki jakarta dengan narasi dki kembali zona merah bogor zonna hitam peta yang ditampilkan pada unggahan tersebut merupakan peta persebaran corona yang ditampilkan situs pemantau milik pemerintah provinsi dki jakarta pada bulan april lalu yang sama sekali tidak relevan dengan perkembangan corona di dki jakarta saat ini kemudian klaim bahwa dki jakarta kembali zona merah tidaklah tepat sebab penggunaan kata kembali di kalimat tersebut seolah olah menyiratkan bahwa jakarta sempat berubah warna zona dari merah ke warna lain sebelum akhirnya kembali menjadi zona merah padahal jakarta memang telah menjadi zona merah sejak april dan status wilayah tersebut tidak pernah berubah jadi zona berwarna lain hingga saat ini selain itu klaim bogor zona hitam juga tidak tepat hal tersebut dikarenakan zona hitam bukanlah sasi resmi dipakai oleh gugus tugas untuk menjelaskan kondisi kasus aktif di suatu wilayah adapun gugus tugas memulai rentang zona dari warna hijau kuning oranye dan merah disinformasi']"
56,86,56_matahari_bumi_fenomena_suhu,"['matahari', 'bumi', 'fenomena', 'suhu', 'bmkg', 'panas', 'nasa', 'antariksa', 'cuaca', 'langit']","['cuaca dingin pada bulan juli hingga agustus karena fenomena aphelion telah pesan berantai whatsapp yang mengklaim bahwa cuaca akan lebih dingin mulai juli hingga agustus mendatang yang disebabkan oleh fenomena aphelion informasi yang mengatakan bahwa cuaca akan lebih dingin pada bulan juli hingga agustus karena adanya fenomena aphelion kompas com peneliti pusat riset antariksa brin andi pangerang mengatakan aphelion adalah fenomena yang terjadi saat bumi berjarak paling jauh dari matahari menurut andi fenomena aphelion tidak terjadi dalam waktu yang cukup lama melainkan pada tanggal tanggal tertentu saja selain itu fenomena aphelion juga tidak berdampak pada penurunan suhu di permukaan bumi atau dengan kata lain membuat suhu menjadi lebih dingin selain itu koordinator bidang prediksi dan peringatan dini cuaca badan meteorologi klimatologi dan geofisika bmkg miming saepudin mengatakan cuaca dingin yang terjadi akhir akhir ini adalah hal yang normal hoaks', 'fenomena aphelion penyebab cuaca dingin pada awal menyebut cuaca akan terasa dingin di awal tahun hingga agustus mendatang diakibatkan fenomena aphelion fenomena tersebut diklaim terjadi karena bumi berada sangat jauh dari matahari kompas com plt deputi klimatologi badan meteorologi klimatologi dan geofisika bmkg urip haryoko mengatakan cuaca dingin yang terjadi di indonesia disebabkan oleh fenomena aphelion ia menambahkan cuaca dingin disebabkan oleh periode musim hujan bukan karena bumi berada di titik terjauh dengan matahari memang benar bahwa fenomena aphelion terjadi ketika titik bumi berada paling jauh dengan matahari hal ini karena bentuk orbit tidak berbentuk bulat sempurna melainkan elips namun cuaca dingin di beberapa wilayah indonesia tidak terkait dengan fenomena aphelion secara umum wilayah indonesia berada pada periode musim penghujan dengan masa puncak terjadi pada februari sehingga menyebabkan penurunan suhu disinformasi', 'fenomena aphelion muncul menimbulkan penyakit karena suhu bumi jadi lebih dingin beredar pesan berantai di whatsapp yang mengeklaim munculnya fenomena aphelion menimbulkan penyakit karena membuat suhu bumi lebih dingin liputan6 com klaim fenomena aphelion menimbulkan penyakit karena membuat suhu bumi lebih dingin adalah plt deputi bidang klimatologi badan meteorologi klimatologi dan geofisika bmkg urip haryoko membantah klaim fenomena aphelion membuat suhu lebih dingin aphelion tidak berpengaruh signifikan terhadap suhu di bumi hal itu termasuk pada periode bumi letaknya lebih dekat dengan matahari perihelion peneliti pusat riset antariksa lembaga penerbangan dan antariksa nasional lapan andi pangeran menyatakan bahwa aphelion tidak berdampak pada kenaikan maupun penurunan suhu di permukaan bumi namun faktor klimatologis atau iklim yang turut berperan besar dalam perubahan suhu hoaks']"
57,92,57_beras_nasi_plastik_produk,"['beras', 'nasi', 'plastik', 'produk', 'telur', 'mie', 'sintetis', 'makanan', 'halal', 'pangan']","['juta ton beras sintetis beracun asal cina beredar di bukittinggi video pada facebook yang memperlihatkan tumpukan karung yang sedang diangkat menggunakan alat berat crane dalam video tersebut juga memperlihatkan potongan video berita tentang ditemukannya beras yang diduga sintetis di kota bukittinggi video tersebut diklaim dengan narasi satu juta ton beras sintetis beracun asal cina yang sudah masuk ke indonesia dan beredar di kota bukittinggi sumatera barat cekfakta tempo co klaim pada video tersebut adalah keliru barang yang dibongkar dari kapal adalah beras yang diimpor oleh badan urusan logistik bulog dari vietnam bukan cina informasi itu terdengar dalam audio video direktur utama bulog budi waseso pun telah mengonfirmasi bahwa adanya beras sintetik beracun dari cina adalah keliru pihaknya belum merealisasikan impor beras dari cina sedangkan potongan video berita ditemukannya beras yang diduga sintetis di bukittinggi ditemukan di akun tiktok officialinews berita itu tentang seorang perempuan yang menduga nasi yang telah dikonsumsinya bersifat sintetis alias tidak alami namun sesungguhnya nasi tersebut telah dilakukan tes di laboratorium dan dinyatakan nasi alami yang diolah dari beras lokal sumatera barat disinformasi', 'beras sintetis beracun dari cina telah beredar di indonesia sebuah video di facebook menampilkan aktivitas di salah satu gudang penyimpanan beras disertai dengan mengeklaim bahwa telah beredar beras sintetis beracun dari cina di indonesia disebutkan pula sudah ada korban yang keracunan akibat mengonsumsi beras tersebut klaim telah beredar beras sintetis beracun dari cina di indonesia adalah kabar beredarnya beras sintetis ini merupakan hoaks lama yang kembali muncul di kompas com video tersebut identik dengan konten di kanal youtube lintas inews yang diunggah pada oktober video itu memberitakan seorang ibu rumah tangga di kota bukittinggi provinsi sumatera barat yang menderita radang tenggorokan dan pusing diduga karena mengonsumsi beras sintetis namun setelah sampel beras diperiksa di laboratorium hasilnya menunjukkan bukan beras sintetis sementara itu direktur utama perum bulog budi waseso mengatakan bahwa pihaknya sudah meminta satgas pangan untuk menindaklanjuti secara hukum soal video beras plastik beracun dari cina hoaks', 'video viral beras dibuat dari plastik bisa mantul seperti bola hoaks beredar kabar di video facebook tentang beras dibuat dari bahan plastik mengepalkan nasi menjadi bulatan sebesar bola ping pong sembari menunggu kepalan nasi usai rekaman video berpindah menyorot nama rumah makan yang tertera di kotak nasi si perempuan lalu melempar bola nasi dan memantul mereka pun ribut menduga nasi itu terbuat dari beras plastik setelah ditelusuri hal tersebut tidaklah benar pihak restoran salah satu pegawai restoran bernama nur membantah nasi yang dimasak restorannya adalah nasi plastik nur menjelaskan beras yang digunakan memang beras pulen dengan kadar air sedikit sehingga nasi seperti terlihat di video tersebut bisa memantul dan tidak lengket badan pom kemudian merilis keterangan dan menyatakan bahwa berdasarkan hasil pemeriksaan terhadap contoh beras tidak ditemukan indikasi beras tersebut mengandung plastik dalam rilis tersebut dijelaskan tekstur nasi dipengaruhi komposisi komponen penyusun pati dalam butir beras yaitu amilosa dan amilopektin kadar amilopektin tinggi mempengaruhi tekstur lengket pulen nasi sehingga nasi dapat dikepal menyerupai bentuk bola dalam setiap rilisnya badan pom menyebutkan bahwa pihaknya akan melakukan pengawasan secara rutin terhadap semua produk pangan yang beredar di indonesia tersebut secara sigap badan pom akan segera menyelidiki setiap isu pangan yang bergulir dan meresahkan masyarakat yang lebih detail ada diliputan6 com']"
58,83,58_gigi_mata_kulit_menyembuhkan,"['gigi', 'mata', 'kulit', 'menyembuhkan', 'swab', 'sakit', 'bahan', 'daun', 'dokter', 'hidung']","['cara mudah merontokkan karang gigi hoaks informasi bertema kesehatan terus saja beredar di atau pesan jejaring seperti whatsapp ataupun facebook salah satunya adalah tentang informasi menghilangkan karang gigi tanpa harus datang ke dokter gigi dalam informasi yang beredar menyebutkan bahwa untuk melakukan pembersihan karang gigi cukup dengan menyediakan bahan bahan tertentu yang kerap ada di rumah diantaranya hidrogen peroksida air bubuk soda kue garam antiseptik pencuci mulut dental pick dan sikat gigi dalam keterangannya untuk melakukan pembersihan karang gigi cawan hidrogen dicampur dengan air hangat lalu dibuat berkumur selama satu menit setelah itu berkumur lagi dengan air dingin loren pandu satrio dokter gigi lulusan fakultas kedokteran gigi universitas padjadjaran bandung mengatakan menghilangkan plak gigi masih bisa dilakukan sendiri tapi kalau karang gigi seharusnya kita tetap datang ke dokter apalagi sampai menggunakan hidrogen peroksida itu keras bisa melukai jaringan lunak mulut seperti gusi maupun bibir jelasnya karang gigi tidak dapat dibersihkan hanya dengan sikat gigi jika kita datang ke dokter penanganan pembersihan karang gigi menggunakan alat scaler ultrasonic atau dengan hand instrument alat itu tidak merusak email gigi', 'mencabut gigi atas dapat menyebabkan kebutaan disinformasi banyak masyarakat yang takut mencabut gigi atas karena berangapan bahwa mencabut gigi atas dapat menyebabkan kebutaan saraf gigi dan saraf mata itu berbeda sehingga tidak ada hubungan antara cabut gigi atas dengan kerusakan mata yang perlu diperhatikan saat pencabutan gigi harus sesuai dengan prosedur dan konsultasikan kondisi kesehatan dengan dokter gigi terlebih dahulu dokter gigi akan menentukan penanganan yang tepat sesuai dengan kondisi kesehatan dengan demikian pencabutan gigi tidak akan menimbulkan efek negatif bagi tubuh', 'membersihkan karang gigi dan putihkan gigi dengan campuran bubuk kopi facebook yang berisikan konten reels dengan narasi gigi kuning kembali putih bersih tanpa karang gigi dengan cara ini dalam video tersebut narator menjelaskan caranya yaitu campurkan pasta gigi dengan satu sendok teh bubuk kopi sedikit garam dapur dan perasan jeruk nipis kemudian aduk semua bahan hingga tercampur rata lalu aplikasikan ke gigi klaim dalam unggahan tersebut adalah tempo co dokter gigi rumah sakit umum daerah rsud arifin achmad pekanbaru budi yanto menyebut membersihkan karang gigi dengan menggunakan campuran odol garam asam dan bubuk kopi tidak dikenal dalam dunia kedokteran penggunaan tanpa ada aturan yang jelas dikhawatirkan justru akan menghilangkan lapisan email karena ada unsur asam dalam racikan tersebut hal ini sejalan dengan cleveland clinic yang menyebut cara terbaik untuk membersihkan karang gigi adalah dengan menemui dokter gigi atau ahli kesehatan menghilangkan karang gigi tanpa dokter gigi justru dapat merusak gigi dan membuat lebih rentan terhadap gigi berlubang dan masalah lainnya hoaks']"
59,164,59_geng_geng motor_rawan_polisi,"['geng', 'geng motor', 'rawan', 'polisi', 'malam', 'kapolres', 'begal', 'kombes', 'solo', 'polsek']","['penyerangan geng motor ke cikampek hoaks pesan berantai di whatsapp yang memberikan informasi tentang akan adanya penyerangan oleh geng motor asal purwakarta ke sukaseuri dan cijalu cikampek kapolsek kotabaru polres karawang ipda asep nugraha sh mengatakan bahwa atau hoaks dan tidak bisa dipertanggung jawabkan beliau juga mengatakan kalau daerah sukaseuri yang menjadi sasaran dari isu tersebut aman aman saja pihaknya juga sudah melakukan patroli bersama anggotanya dan tidak ditemukan adanya tanda tanda penyerangan oleh geng motor', 'pesan berantai aksi balas dendam para pembegal dan geng motor beredar luas sebuah pesan berantai whatsapp yang berisi tentang informasi adanya razia besar besaran dari kepolisian karena banyak kerabat pelaku pembegal dan geng motor yang akan balas dendam dikarenakan banyaknya rekan mereka yang tertangkap dan dibakar oleh warga pesan berantai yang diklaim berasal dari divisi humas mabes polri itu pun menghimbau warga untuk tidak keluar rumah hingga rabu april melalui akun instagram resmi devisi humas polri pesan berantai tersebut telah ditegaskan sebagai hoaks disebutkan juga bahwa pihak kepolisian atau polri tidak melakukan razia terkait hal tersebut melainkan kini polri sedang melaksanakan operasi ketupat dalam rangka pengamanan hari raya idul fitri h sementara tempo co pesan berantai yang sama pun pernah menyebar di sejak dan selalu menyebar setiap tahunya hoaks', 'pesan berantai geng motor balas dendam sasar kendaraan plat e indramayu beredar di whatsapp sebuah pesan berantai berisi imbauan bagi pengendara yang memiliki nomor polisi nopol e yang akan melintas baik dari dan menuju ke arah jakarta di jalur arteri pantura karena adanya aksi balas dendam oleh geng motor seusai salah satu ketua geng motor ditangkap polisi terkait kejadian tawuran pesan berantai tersebut juga menyebut adanya mobil berplat e yang dihentikan di daerah batang dan supirnya mengalami berbagai luka tusuk senjata tajam serta kerusakan mobil jabar tribunnews com kapolres indramayu akbp m fahri siregar melalui kasubsi pidm humas polres indramayu ipda tasim memastikan bahwa kabar yang meresahkan warga indramayu tersebut adalah selain itu ipda tasim menyampaikan bahwa berdasarkan keterangan polres subang tidak ada kejadian pembacokan yang dilakukan oleh geng motor di wilayahnya terhadap pengendara kendaraan yang bernopol e disinformasi']"
60,74,60_angin_puting_beliung_hujan,"['angin', 'puting', 'beliung', 'hujan', 'angin kencang', 'kencang', 'badai', 'awan', 'peristiwa', 'hancur']","['video angin puting beliung melanda merak banten beredar di facebook sebuah unggahan berupa video yang memperlihatkan atap dari beberapa rumah rusak akibat diterjang angin puting beliung dalam unggahan video itu disertai mengklaim kejadian angin puting beliung di merak pada desember liputan6 com video yang diklaim angin puting beliung yang melanda merak banten adalah keliru video tersebut merupakan peristiwa terjangan angin puting beliung di temanggung jawa tengah yang mengakibatkan belasan rumah rusak disinformasi', 'rumah di boyolali diterjang angin puting beliung februari unggahan video di platform youtube yang mengeklaim bahwa terjadi bencana alam angin puting beliung pada februari di boyolali video tersebut juga mengeklaim bahwa sebanyak rumah diterjang angin puting beliung hingga hancur dan juga menyertakan narasi boyolali tergulung puting beliung landa rumah hingga hancur remuk turnbackhoax id narator dalam video hanya membacakan artikel yang termuat di laman radarsolo jawapos com berjudul boyolali berduka dilanda longsor banjir dan angin puting beliung dalam artikel tersebut tidak dijelaskan bahwa terjadi angin puting beliung yang menerjang rumah di boyolali sementara itu ternyata fenomena tersebut terjadi pada maret angin kencang yang melanda menyebabkan kerusakan rumah milik salah satu warga setempat puting beliung juga terjadi di dusun sugih waras desa jlarem kecamatan gladagsari kabupaten boyolali dengan demikian informasi pada unggahan video tersebut adalah atau konten menyesatkan hoaks', 'rumah di kota bogor diterjang angin puting beliung pada februari unggahan video berdurasi menit detik di platform youtube yang mengeklaim bahwa terdapat angin puting beliung di kota bogor pada februari terlihat pada thumbnail video tersebut mobil yang berhamburan disertai orang orang berlarian dengan narasi rumah hancur lebur puting beliung besar kembali gulung wilayah bogor kota hingga berhamburan turnbackhoax id klaim yang beredar tersebut adalah diketahui narator video tersebut hanya membacakan sebuah artikel yang diunggah oleh radar bogor yang berjudul bogor diterjang angin kencang pohon di pasirmulya tumbang tutup akses jalan dalam artikel tersebut tidak dijelaskan bahwa terjadi angin puting beliung yang menerjang rumah di kota bogor adapun fenomena tersebut terjadi pada februari di mana hujan deras yang disertai angin kencang yang terjadi di kelurahan pasirmulya kecamatan bogor barat hanya menyebabkan sebuah pohon tumbang hoaks']"
61,76,61_banjir_dki_dki jakarta_anies,"['banjir', 'dki', 'dki jakarta', 'anies', 'air', 'gubernur dki', 'gubernur', 'anies baswedan', 'baswedan', 'terendam']","['pj gubernur jakarta gelapkan bantuan korban banjir unggahan video di platform youtube berjudul berita terkini haru budi gelapkan beras ratusan karton mie instan untuk korban banjir unggahan tersebut mengklaim bahwa penjabat pj gubernur dki jakarta heru budi hartono menggelapkan bantuan untuk korban banjir berupa beras dan ratusan karton mie instan informasi yang menyatakan pj gubernur dki jakarta heru budi hartono menggelapkan bantuan untuk korban banjir pada unggahan video tersebut adalah jalahoaks jakarta go id pernyataan yang menyertai unggahan video mengenai pj gubernur dki jakarta tersebut video tersebut merupakan hasil suntingan dari sejumlah video dari berbagai sumber yang tidak saling terkait tidak ditemukan informasi valid yang menyatakan bahwa pj gubernur dki jakarta melakukan penggelapan bantuan untuk korban banjir disinformasi', 'pj gubernur dki jakarta heru budi tutup semua sumur resapan di jakarta beredar di facebook sebuah unggahan video yang mengklaim bahwa penjabat pj gubernur dki jakarta heru budi menutup semua sumur resapan di jakarta sehingga mengakibatkan banjir yang tidak terkendali klaim yang menyebut pj gubernur dki jakarta heru budi menutup semua sumur resapan di jakarta dan mengakibatkan banjir yang tidak terkendali adalah tidak ada informasi valid yang membuktikan merdeka com pj gubernur dki jakarta heru budi mengatakan akan melanjutkan program sebelumnya yakni pembangunan sumur resapan dengan anggaran rp1 miliar pada tahun sebagai upaya penanganan banjir di jakarta hoaks', 'penampakan banjir jakarta di era kepemimpinan pj gubernur dki jakarta heru budi hartono telah beredar di twitter beberapa unggahan penampakan banjir yang diklaim terjadi di masa kepemimpinan penjabat pj gubernur dki jakarta heru budi hartono klaim yang mengatakan bahwa terjadi banjir di jakarta pada masa kepemimpinan pj gubernur dki jakarta heru budi hartono adalah keliru merdeka com foto tersebut merupakan gabungan dari beberapa foto kejadian banjir pada tahun dan yang pernah diberitakan di beberapa media disinformasi']"
62,69,62_tabung_gas_lpg_spbu,"['tabung', 'gas', 'lpg', 'spbu', 'pertalite', 'bbm', 'bahan bakar', 'pertamina', 'air', 'bakar']","['cara menghemat gas elpiji dengan merendam di dalam air unggahan video di facebook yang mengeklaim bahwa cara menghemat gas elpiji dengan merendamnya di dalam air klaim yang beredar tersebut adalah pt pertamina patra niaga melalui akun instagram resminya ptpertaminapatraniaga menyebutkan bahwa cara merendam tabung gas dalam air tidak dianjurkan pasalnya tabung gas lpg yang dimasukkan dalam air dapat menyebabkan korosi mereka menyebut cara merendam tabung gas dalam air hanya digunakan untuk melihat apakah terjadi kebocoran terhadap tabung hoaks', 'lpg kg direndam air jadi awet beredar di sebuah video mengenai penggunaan liquefied petroleum gas lpg kg yang direndam ke dalam air aksi tersebut diklaim dapat menghemat penggunaan lpg kg akun instagram resmi pt pertamina patra niaga ptpertaminapatraniaga praktik merendam lpg kg ke dalam air agar lebih awet merupakan informasi yang pt pertamina patra niaga sebagai subholding commercial trading pt pertamina persero mengungkapkan bahwa praktik tersebut tidak dianjurkan karena dapat merusak tabung gas pihaknya menegaskan bahwa praktik merendam tabung hanya dilakukan untuk mengecek apakah terjadi kebocoran pada tabung gas bukan seperti yang banyak beredar bahwa merendam tabung agar gas lebih awet selain itu merendam tabung gas dalam air juga bisa menyebabkan korosi terhadap tabung hoaks', 'video gas lpg ukuran kg yang berisikan air beredar di facebook unggahan video yang memperlihatkan tabung gas lpg ukuran kg diletakan dengan posisi terbalik dan mengeluarkan air video tersebut dilengkapi mengeklaim bahwa tabung gas lpg kg berisi air klaim tabung gas lpg kg berisi air adalah keliru isi dari tabung gas tersebut bukanlah air melainkan liquefied petroleum gas yang kemudian disingkat menjadi lpg menurut corporate secretary pt pertamina patra niaga irto ginting mengatakan isi tabung lpg adalah zat cair seperti air hal itu menurut irto sesuai dengan kepanjangannya liquefied petroleum gas jadi isi yang ada di dalam tabung lpg itu merupakan gas yang sudah dipadatkan hingga berbentuk cair hoaks']"
63,105,63_meninggal_meninggal dunia_tewas_siswa,"['meninggal', 'meninggal dunia', 'tewas', 'siswa', 'bayi', 'sd', 'difteri', 'kematian', 'mahasiswa', 'keracunan']","['seorang siswa smkn cihampelas kabupaten bandung barat meninggal akibat program mbg twitter x yang mengeklaim bahwa seorang siswa smkn cihampelas kabupaten bandung barat kbb meninggal dunia akibat program makan bergizi gratis mbg klaim tersebut adalah atau hoaks pikiran rakyat com pelaksana tugas plt kepala dinas kesehatan kbb dr lia n sukandar saat dihubungi pada rabu oktober menyatakan bahwa penyebab kematian siswa tersebut bukan berasal dari program makan bergizi gratis mbg karena siswa yang meninggal dunia tidak termasuk dalam daftar korban keracunan mbg yang sebelumnya terjadi di wilayah cihampelas kabupaten bandung barat berdasarkan keterangan keluarga siswa tersebut sudah mengalami sakit sejak senin malam sebelum akhirnya meninggal dunia dengan adanya klarifikasi ini dinas kesehatan kbb meminta masyarakat tidak mudah percaya pada kabar yang beredar tanpa verifikasi pihaknya memastikan terus melakukan pemantauan program mbg di wilayah cihampelas kabupaten bandung barat', 'mahasiswa upb ikut demonstrasi meninggal dunia beredar postingan di facebook klaim seorang mahasiswa universitas pelita bangsa yang ikut demonstrasi meninggal dunia dalam postingannya terdapat narasi hatiku hancur ketika lihat info di grup kelas kamus rame karena ada mahasiswa pelita bangsa yang ikut demo dan meninggal setelah mendapat beberapa serangan dari oknum polisi di lokasi demonstrasi selamat jalan kawan perjuanganmu tidak akan sia sia semoga engkau tenang disana berdasarkan hasil penelusuran klaim seorang mahasiswa universitas pelita bangsa yang ikut demonstrasi meninggal dunia adalah humas universitas pelita bangsa nining menyaatakan tidak ada mahasiswanya yang meninggal dunia saat mengikuti aksi unjuk rasa tolak undang undang cipta kerja di kawasan jababeka cikarang kabupaten bekasi rabu tidak ada yang meninggal dunia itu hoaks kata nining saat berbincang dengan liputan6 com ada dua orang mahasiswa universitas pelita bangsa yang menjalani perawatan luka bagian kepala karena mengikuti aksi unjuk rasa tolak undang undang cipta kerja di kawasan jababeka cikarang kabupaten bekasi rabu hoaks', 'foto mahasiswa uin raden inten meninggal dunia dengan luka di wajah setelah unjuk rasa menolak uu cipta kerja beredar foto di dengan narasi seorang mahasiswa di lampung meninggal dunia setelah mengikuti unjuk rasa menolak pengesahan omnibus law uu cipta kerja unggahan itu memperlihatkan seseorang yang terbaring dengan luka di bagian wajah disertai tulisan innalillahi wainna ilaihi raji un mahasiswa uin raden intan lampung meninggal dunia dengan mengenaskan akibat luka dibagian wajah dan kepala setelah setelah aksi hari ini berdasarkan hasil penelusuran klaim seorang mahasiswa meninggal dunia dalam unjuk rasa menolak uu cipta kerja di lampung adalah kabid humas polda lampung kombes zahwani pandra arsyad menegaskan tidak ada yang meninggal tapi mahasiswa terluka dan sudah dirawat di beberapa rumah sakit di bandar lampung sementara itu uin raden intan lampung dalam akun facebooknya menginformasikan bahwa pihak universitas menjenguk mahasiswi prodi psikologi fusa yang sedang menjalani perawatan di rsud dadi tjokrodipo akibat terkena gas air mata hoaks']"
64,193,64_polisi_aksi_kerusuhan_penjarahan,"['polisi', 'aksi', 'kerusuhan', 'penjarahan', 'pasar', 'peristiwa', 'tanah', 'kecamatan', 'lokasi', 'massa']","['bentrokan antara pedagang dan petugas satpol pp di pasar ngabul jepara beredar di sebuah video yang memperlihatkan kericuhan antara pedagang dan aparat kericuhan tersebut diklaim terjadi di pasar ngabul jepara kepala dinas kominfo kabupaten jepara arif darmawan mengatakan video tersebut adalah menurut arif kejadian kericuhan tersebut bukan terjadi di jepara ia menjelaskan bahwa pada jumat dini hari sudah dilakukan peninjauan di lokasi pasar ngabul jepara menurutnya suasana tenang dan tidak ada kericuhan seperti pada video yang ramai tersebut sementara itu pada laman jepara go id diketahui bahwa lokasi kejadian tersebut adalah di pasar kartini peunayong banda aceh pada senin saat proses pemindahan pedagang ke pasar almahira lamdingan kecamatan kuta alam banda aceh disinformasi', 'video bentrok pedagang pasar jagasatru dengan satpol pp beredar di facebook sebuah video yang memperlihatkan pedagang di sebuah pasar sedang bentrok dengan satpol pp pada video terlihat pedagang melempari satpol pp dengan tempat penyimpanan buah dan sayur kejadian tersebut juga diklaim terjadi di pasar jagasatru kota cirebon cirebonkota go id direktur utama dirut perumda pasar berintan kota cirebon drs sekhurohman menjelaskan video bentrok pedagang pasar dengan satpol pp tidak terjadi di kota cirebon dijelaskan sekhurohman video bentrok antar pedagang dan satpol pp itu terjadi di pasar kartini peunayong banda aceh juli lalu disinformasi', 'video kerusuhan di pasar kandang kediri beredar di facebook sebuah video berdurasi detik yang menampilkan kericuhan antar pedagang di sebuah pasar dengan petugas yang menegakkan aturan pemberlakuan pembatasan kegiatan masyarakat ppkm video tersebut diberi pin lokasi pasar kandangan sebuah pasar yang ada di kediri jawa timur kompas com kapolsek kandangan iptu gatot pesantoro membantah hal itu terjadi di wilayahnya setelah ditelusuri peristiwa dalam video itu terjadi di pasar peunuayong banda aceh pada mei pukul wib disinformasi']"
65,103,65_bawang_menyembuhkan_obat_bawang putih,"['bawang', 'menyembuhkan', 'obat', 'bawang putih', 'mengobati', 'mencegah', 'penyakit', 'menyembuhkan covid', 'daun', 'infeksi']","['cara mengobati kutil kelamin dengan menggunakan bawang putih hoaks disinformasi telah beredar di masyarakat tentang pengobatan tradisional mengobati kutil kelamin dengan menggunakan bawang putih bahkan sudah banyak tersebar di berbagai situs situs lainnya yang mengatakan pengobatan tersebut ampuh tanpa mengeluarkan biaya besar padalah cara tersebut tidaklah benar karena seperti yang di katakan oleh dokter spesialis kulit dan kelamin dr dian pratiwi spkk finsdv faadv dari klinik pramudia mengatakan bahwa hal tersebut belum terbukti secara ilmiah bahkan menurutnya pengobatan tradisional yang salah satunya dengan menggunakan bawang putih tersebut justru bisa memperburuk kondisi kutil kelamin misalnya dengan mengoleskan bawang putih justru bisa memicu iritasi pada kulit yang diolesi dr dian merekomendasikan pengobatan pengobatan yang sudah terstandarisasi secara medis dan sudah dalam penelitian terbukti bisa mengeradikasi si virusnya dengan baik', 'bawang putih hitam dapat mencegah kanker telah di yang mengatakan bahwa bawang putih hitam dapat mencegah kanker karena mengandung antioksidan dijelaskan juga bahwa bawang putih hitam merupakan bawang putih biasa yang telah di fermentasi dalam suhu sekitar derajat celcius setelah ditelusuri lebih lanjut klaim itu salah factcheck afp com dr suebpong tanasanvimon seorang spesialis onkologi di universitas chulalongkorn mengatakan bahwa tidak ada bukti ilmiah yang cukup bahwa bawang putih hitam dapat mencegah kanker selain itu institut kanker nasional di thailand memperingatkan bahwa konsumsi berlebihan bawang putih hitam dapat menyebabkan efek samping yang merugikan kesehatan disinformasi', 'cara kerja bawang putih terbukti lebih efektif mencegah covid dibanding vaksin unggahan yang mengeklaim bahwa sebuah lembaga penelitian membuktikan cara kerja bawang putih lebih efektif dibanding vaksin covid dalam mencegah covid agence france presse afp unggahan tersebut telah keliru dalam mengartikan hasil penelitian institut dohert lembaga yang melakukan penelitian tersebut telah mengklarifikasi bahwa temuannya tidak menunjukkan aplikasi pengobatan medis bawang putih karena hanya dilakukan di laboratorium lebih lanjut para ahli kesehatan mengatakan tidak ada bukti yang mendukung klaim bahwa bawang putih dapat membunuh atau mencegah covid direktur kesiapsiagaan bahaya menular global organisasi kesehatan dunia who sylvie briand turut menyatakan meskipun ada manfaat kesehatan dari makan bawang putih tidak ada bukti bahwa bawang putih dapat menyembuhkan covid disinformasi']"
66,44,66_ular_gigitan_seekor_ormas,"['ular', 'gigitan', 'seekor', 'ormas', 'raksasa', 'bentrokan', 'hewan', 'makan', 'garam', 'ak']","['ular mati karna makan wajan hoaks beredar pada laman facebook sebuah postingan yang memuat gambar mirip ular dengan narasi kejadian langka seekor ular mati krn salah makan dikira penyu kura2 ternyata yg dimakan adalah wajan gambar yang mirip ular tersebut merupakan karya seni patung yang menyerupai ular memakan kura kura dan bukan seekor ular asli gambar tersebut pertama kali diedarkan oleh sebuah stasiun televisi thailand yang diupload di facebook pada tahun', 'sisik terakhir ujung ekor ular dapat jadi penawar gigitan ular berbisa hoaks telah postingan yang berisi sisik terakhir ujung ekor ular dapat jadi penawar gigitan ular berbisa tidak ada penelitian yang membuktikan bahwa sisik terakhir ujung ekor ular dapat jadi penawar gigitan ular berbisa justru bahaya apabila hal tersebut dipercaya dan dilakukan karena sudah ada cara yang benar penanganan pertama terhadap gigitan ular berbisa dari doktersehat com dan alodokter com', 'ular salju mematikan telah informasi di yang mengklaim bahwa gambar yang terlampir menggambarkan ular salju yang mematikan dalam narasinya menjelaskan bahwa racun ular itu akan mematikan darah orang orang yang digigitnya sudah ada korban empat orang di amerika serikat yang kena gigitan ular tersebut setelah ditelusuri lebih lanjut ular dalam gambar tampaknya tidak lebih dari model karet yang telah ditempatkan secara strategis untuk foto tersebut tidak ada ular seperti yang dijelaskan dalam tidak ada racun ular yang membekukan darah korban gigitan dan tidak ada yang mati di as atau di tempat lain karena gigitan ular semacam itu hoaks']"
67,61,67_pln_gratis_listrik_token,"['pln', 'gratis', 'listrik', 'token', 'listrik gratis', 'token listrik', 'pertamina', 'bbm', 'persero', 'subsidi']","['pendaftaran bantuan token listrik dari pln di berisi mengeklaim adanya tautan pendaftaran untuk mendapatkan bantuan token listrik dari pt perusahaan listrik negara pln unggahan tersebut diunggah pada desember adalah liputan6 com penelusuran mengarah pada artikel liputan6 com berjudul viral pembagian token listrik gratis simak pln yang tayang pada september executive vice president komunikasi korporat tjsl pln gregorius adi trianto mengatakan pln tidak pernah membuat dan menyelenggarakan promo token listrik gratis seperti yang beredar di pln mengimbau masyarakat untuk berhati hati terhadap informasi termasuk promosi yang bukan resmi bersumber dari pln sehingga terhindar dari upaya penipuan', 'tautan pendaftaran token listrik gratis periode juli agustus facebook yang mengeklaim terdapat pendaftaran token listrik gratis periode juli agustus dari pt pln persero unggahan tersebut juga disertai sebuah tautan pendaftaran adalah liputan6 com executive vice president komunikasi korporat tanggung jawab sosial dan lingkungan tjsl pt pln persero gregorius adi trianto mengatakan pt pln tidak pernah mengadakan promo voucher listrik gratis gregorius menegaskan informasi pembagian token listrik gratis yang beredar adalah penipuan pln mengimbau masyarakat agar waspada terhadap informasi termasuk promosi yang tidak resmi dari pln agar terhindar dari penipuan', 'pln membagikan token listrik gratis senilai rp250 poster berlogo perusahaan listrik negara pln di facebook berisi tautan yang diklaim sebagai situs pendaftaran token listrik gratis senilai rp250 tempo co situs pada tautan tersebut bukan saluran informasi resmi dari perusahaan listrik negara pln situs resmi pln adalah web pln co id dari situs pln tersebut tidak ditemukan adanya informasi program bagi bagi token listrik gratis seperti klaim pada unggahan tersebut executive vice president komunikasi korporat tanggung jawab sosial dan lingkungan tjsl pt pln persero gregorius adi trianto mengatakan bahwa terkait dengan promo voucher listrik gratis yang marak di pt pln persero memastikan tidak pernah memberikan promo yang dimaksud sehingga informasi yang beredar atau bahkan mungkin bersifat penipuan hoaks']"
68,60,68_megawati_pdip_soekarnoputri_megawati soekarnoputri,"['megawati', 'pdip', 'soekarnoputri', 'megawati soekarnoputri', 'pdip megawati', 'ketua umum', 'perjuangan', 'hasto', 'partai', 'kpk']","['megawati akan minum obat nyamuk jika pdip kalah pilpres beredar di facebook sebuah unggahan video yang diklaim berisi informasi bahwa ketua umum partai demokrasi indonesia perjuangan pdip megawati soekarnoputri akan meminum obat nyamuk jika pdip kalah pada pemilihan presiden pilpres video tersebut beredar dengan judul viral meg4wat1 b3rsump4h ak4n m1num b4yg0n jik4 p dip k4l4h pilpres informasi bahwa megawati soekarnoputri akan meminum obat nyamuk jika pdip kalah pada pilpres adalah foto thumbnail dalam video tersebut merupakan foto megawati soekarnoputri ketika menyampaikan pidato di hut ke pdip pada januari lalu sementara itu dibacakan pada video tersebut diambil dari artikel wartaekonomi co id dengan judul ada yang bersumpah rela minum baygon jika capres jagoannya kalah megawati bolak balik menagih sehingga keseluruhan isi narasi video dengan judul yang beredar tidak sesuai dan tidak ditemukan informasi terkait megawati soekarnoputri yang mengucap akan meminum obat nyamuk jika pdip kalah pada pilpres hoaks', 'megawati dan hary tanoesoedibjo datangi kpk setelah hasto ditahan video di tiktok yang mengeklaim ketua umum partai demokrasi indonesia perjuangan pdip megawati soekarnoputri dan pendiri partai persatuan indonesia perindo hary tanoesoedibjo mendatangi gedung komisi pemberantasan korupsi kpk keduanya datang ke gedung lembaga antirasuah itu setelah sekjen pdip hasto kristiyanto ditahan komisi pemberantasan korupsi kpk adalah atau hoaks kompas com video tersebut identik dengan kanal youtube kompas tv ketika ketua umum pdip megawati menghadiri musyawarah kerja nasional mukernas partai perindo pada juli dalam pidatonya ketua umum pdip megawati mengingatkan bahwa para kader pdip tengah disasar melalui berbagai kasus hukum lebih lanjut pada desember ketua umum pdip megawati pernah mengatakan akan mendatangi kpk jika hasto ditahan namun hingga kini belum ada kabar ketua umum pdip megawati datang ke gedung kpk hoaks', 'megawati sebut jokowi bagian dari pki unggahan video di tiktok dengan mengeklaim ketua umum partai demokrasi indonesia perjuangan pdip megawati soekarnoputri menyebut presiden joko widodo jokowi merupakan bagian partai komunis indonesia pki narasi soal megawati mengatakan jokowi merupakan bagian dari pki adalah tidak tepat berdasarkan hasil penelusuran video megawati tersebut identik dengan konten di kanal youtube detikcom dalam video utuhnya megawati memang tengah membahas soal tuduhan bahwa pdip dan jokowi adalah pki hal itu disampaikan megawati saat pengumuman calon gubernur dan wakil gubernur yang diusung pdip pada pilkada akan tetapi video tersebut telah dipotong seolah olah megawati mengatakan bahwa jokowi adalah pki dalam video utuhnya megawati justru tengah membantah isu pki yang sering dituduhkan kepada dirinya dan pdip yang dipimpinnya hoaks']"
69,128,69_lagu_bahasa_indonesia raya_suara,"['lagu', 'bahasa', 'indonesia raya', 'suara', 'utang', 'pki', 'indonesia negara', 'presiden', 'raya', 'pidato']","['lagu indonesia raya sudah diganti facebook sebuah video yang memperlihatkan sejumlah orang sedang menyanyikan lagu indonesia raya dalam sebuah acara video tersebut diiringi mengklaim bahwa orang orang dalam video tersebut mengganti lagu indonesia raya video tersebut diunggah pada sabtu mei medcom id klaim adanya video yang memperlihatkan sejumlah orang mengganti lagu indonesia raya adalah salah bukan diganti sejumlah orang dalam video itu menyanyikan lagu indonesia versi stanza yang lebih panjang turnbackhoax id lagu indonesia raya stanza seperti terdengar dari video yang beredar sesuai dengan uu tahun tentang bendera bahasa dan lambang negara serta lagu kebangsaan video itu bagian dari acara peluncuran program literasi digital nasional pada mei acara itu disiarkan langsung di tv nasional dan swasta serta live streaming di kanal youtube kementerian kominfo dan siberkreasi video dengan durasi lebih panjang dan lengkap disiarkan langsung di kanal youtube kemkominfo tv pada mei dengan judul peluncuran program literasi digital nasional disinformasi', 'video lagu indonesia raya dengan lirik yang diganti video singkat di facebook yang mengeklaim bahwa ada sekumpulan orang sedang menyanyikan lagu indonesia raya tetapi dengan lirik yang berbeda cekfakta tempo co video lagu indonesia raya yang liriknya diganti adalah keliru lirik lagu yang dinyanyikan sekelompok orang tersebut tidak mengubah lirik lagu indonesia raya lirik yang dinyanyikan tersebut merupakan lagu indonesia raya stanza seperti lirik yang terdapat dalam situs resmi kemendikbud kebudayaan kemdikbud go id lagu indonesia raya stanza merupakan salah satu lambang negara yang menjadi simbol persatuan dan kebanggaan masyarakat indonesia lagu ini diciptakan oleh wage rudolf supratman dan dimainkan pertama kali pada oktober disinformasi', 'lagu jayalah indonesiaku versi mandarin adalah lagu kebangsaan indochina disinformasi setelah viral beredar adanya lagu jayalah indonesia dengan bahasa mandarin yang merupakan lagu wajib untuk lomba paduan suara che bin sai di kota pekalongan tahun dalam rangka sumpah pemuda beredar isu bahwa lagu tersebut merupakan lagu kebangsaan indochina berbagai sumber ditemukan fakta bahwa lagu tersebut lagu tersebut memang versi mandarin dari lagu berjudul jayalah indonesiaku yang diciptakan oleh soe sien ming dan thung cu lan yang dinyanyikan oleh hilmi monique lagu tersebut menjadi salah satu lagu dalam album vcd karaoke lagu lagu cinta tanah air yang diproduksi pt gema nada pertiwi dari pemeriksaan fakta tersebut menyebutkan bahwa lagu jayalah indonesiaku versi bahasa mandarin adalah lagu kebangsaan indochina adalah salah narasi ini menyesatkan bagi warganet yang membaca unggahan tersebut']"
70,66,70_ikan_buaya_sungai_seekor,"['ikan', 'buaya', 'sungai', 'seekor', 'laut', 'pari', 'dikonsumsi', 'patung', 'kemunculan', 'manusia']","['buaya dua kepala ditemukan di florida hoaks sebuah gambar yang tidak biasa beredar di dimaksudkan untuk menunjukkan seekor buaya dengan dua kepala terlihat di tampa florida diduga seorang pria menemukan buaya aneh di sepanjang sungai hillsborough setelah ditelusuri lebih lanjut adanya komisi konservasi ikan dan satwa liar florida mengatakan mereka tidak menerima panggilan tentang ditemukannya buaya dengan kepala dua tidak berapa lama kemudian arnold seorang seniman yang menciptakan lukisan dan patung makhluk yang tidak biasa dan mempostingnya di blog tumblr miliknya dan salah satu karyanya adalah patung buaya dengan dua kepala', 'puluhan buaya lepas dari penangkaran di bogor ke sungai cisadane pesan di whatsapp yang memberikan informasi tentang puluhan buaya lepas dari penangkaran di bogor ke sungai cisadane pesan tersebut bernarasi buat warga yg dekat bantaran kali cisadane agar ber hati karna penangkaran buaya di bogor jebolbaru k tangkap satu buaya d daerah cisauk masih bnyak buaya yg belum tertangkap kumparan com balai besar konservasi sumber daya alam bksda wilayah i jawa barat memastikan tidak ada buaya yang lepas dari penangkaran di bogor ke sungai cisadane petugas ppns bksda jabar adjat sudrajat mengatakan bahwa informasi yang beredar di percakapan whatsapp tersebut hoaks adjat sudrajat memastikan selama puluhan tahun bertugas di wilayah bogor tidak ada satu penangkaran buaya hoaks', 'penemuan seekor buaya di pelabuhan paotere makassar unggahan video di facebook yang mengeklaim penemuan seekor buaya di sekitar pelabuhan paotere makassar unggahan video tersebut memperlihatkan seekor buaya yang diikat dan diletakan di dermaga pelabuhan paotere kota makassar provinsi sulawesi selatan dan dikelilingi oleh sejumlah orang dengan keterangan buaya laut didapat di pelabuhan paotere klaim dalam unggahan video tersebut adalah keliru suara com seksi wilayah iv balai besar konservasi sumber daya alam sulawesi selatan bb ksda menjelaskan bahwa buaya yang dibawa ke pelabuhan paotere makassar dalam kondisi terikat adalah buaya muara crocodylus porosus yang merupakan hasil evakuasi dari pulau sumanga desa balo baloang kecamatan liukang tangaya kabupaten pangkajene dan kepulauan pangkep provinsi sulawesi selatan berdasarkan hal tersebut diketahui bahwa video buaya yang beredar merupakan buaya yang ditemukan di pulau sumanga desa balo baloang kecamatan liukang tangaya kabupaten pangkajene dan kepulauan pangkep bukan di sekitar pelabuhan paotere makassar hoaks']"
71,70,71_malaysia_perang_tni_singapura,"['malaysia', 'perang', 'tni', 'singapura', 'kapal', 'malaysia video', 'selat', 'militer', 'siap', 'malaka']","['perdana menteri malaysia anwar ibrahim menantang indonesia untuk berperang di facebook berisi mengeklaim perdana menteri malaysia anwar ibrahim menantang indonesia untuk berperang dalam menyelesaikan sengketa perbatasan adalah kompas com pernyataan asli pm malaysia anwar ibrahim telah dipelintir sehingga menegaskan ia menentang indonesia berperang tempo co anwar mengatakan bahwa persoalan perbatasan ambalat antara indonesia dan malaysia tidak akan berkembang menjadi konflik bersenjata seperti yang terjadi antara thailand dan kamboja ia mengaku sempat mendapat tekanan dari sejumlah anggota parlemen oposisi di malaysia yang menuntut sikap tegas dalam persoalan perbatasan terutama soal wilayah sulawesi dan blok ambalat namun anwar justru menekankan negosiasi sebagai solusi masalah perbatasan', 'pisah dari malaysia sabah dan sarawak resmi gabung dengan indonesia beredar di facebook sebuah unggahan video dengan klaim menyebut bahwa negara bagian malaysia yang terletak di pulau kalimantan yakni sabah dan sarawak telah berpisah dari malaysia disebutkan pula bahwa kedua wilayah tersebut bergabung dengan indonesia cekfakta tempo co klaim sabah dan sarawak telah berpisah dari malaysia dan resmi bergabung dengan indonesia adalah keliru adapun video pada unggahan tersebut merupakan potongan video dari peristiwa yang berbeda diketahui sampai saat ini sabah dan sarawak masih merupakan negara bagian federasi malaysia usulan referendum sabah dan sarawak sejauh ini masih merupakan wacana dan isu yang diperbincangkan namun belum ada keputusan pemerintah malaysia terkait wacana tersebut hoaks', 'indonesia tembakkan rudal ke malaysia unggahan video di yang mengklaim indonesia menembakkan rudal ke malaysia karena sengketa blok ambalat klaim dengan narasi video yang menyatakan indonesia menyerang malaysia dengan menggunakan rudal terkait dengan sengketa ambalat tempo co tidak ditemukan informasi dari laman berita kredibel atau akun resmi pemerintahan yang membenarkan setelah ditelusuri hasilnya tidak ada serangan rudal dari indonesia ke malaysia karena sengketa blok ambalat kepala biro informasi pertahanan kementerian pertahanan kolonel arm rico ricardo sirait mengatakan indonesia tak pernah mengirimkan rudal yang menargetkan malaysia seperti dalam video yang beredar juga tidak pernah ada operasi militer apa pun ke malaysia materi video yang beredar bukan bagian dari aktivitas pertahanan indonesia kata rico kepada tempo selasa november']"
72,52,72_judi_judi online_online video_game,"['judi', 'judi online', 'online video', 'game', 'bermain', 'mempromosikan', 'kecanduan', 'kaya', 'sim', 'ai']","['tautan pendaftaran penerima bansos korban judi online facebook yang mengeklaim adanya sebuah tautan pendaftaran bantuan sosial bansos untuk para korban judi online klaim dalam unggahan tersebut adalah kompas com setelah tautan itu dicek menggunakan wheregoes yang mana hasilnya tautan tersebut mengarah ke situs judi bukan situs untuk mendapatkan bansos untuk diketahui pemberian bansos untuk korban judi online sempat dikemukakan oleh menteri koordinator bidang pembangunan manusia dan kebudayaan menko pmk muhadjir effendy pada juni ia mengatakan terdapat peluang korban judi online masuk ke dalam data terpadu kesejahteraan sosial dtks agar menerima bansos namun wacana tersebut menarik kontroversi muhadjir pun mengklarifikasi bahwa sasaran penerima bansos bukan pelaku judi tetapi keluarganya seperti diberitakan kompas com pada juni sementara itu presiden joko widodo mengatakan pada juni pemerintah tidak memiliki rencana memberikan bansos untuk pelaku maupun keluarga pelaku judi online hoaks', 'pemerintah bagikan bantuan sosial melalui situs judi unggahan video di facebook yang mengeklaim bahwa pemerintah akan bagikan bantuan sosial melalui situs judi online akun tersebut membagikan video menteri koordinator bidang pembangunan manusia dan kebudayaan menko pmk muhadjir effendy sedang diwawancarai yang mengatakan warga yang menjadi korban judi online bisa mengambil bantuan sosial melalui sebuah situs judi online klaim dalam unggahan video tersebut adalah kompas com setelah ditelusuri klip lain yang menampilkan seorang pria mengaku telah menerima bantuan sosial dari situs judi klip video tersebut identik dengan video di kanal youtube kompas tv yang dalam video aslinya pria tersebut bukan penerima bantuan sosial dari judi online melainkan orang tua editor metro tv yang ditemukan tewas di pinggir jalan tol jorr pesanggrahan arah pondok pinang jakarta pada tahun hoaks', 'video rhoma irama dan dennis lim promosikan judi online video di facebook yang mengeklaim bahwa rhoma irama dan dennis lim mempromosikan situs judi online dalam videonya dijelaskan bahwa dennis lim adalah mantan bandar judi online yang sudah bertobat dan akan membagikan uang kepada siapapun yang main di salah satu situs judi online yang dipromosikannya adalah atau hoaks tempo com tim tempo menelusuri sumber video yang dibagikan dengan mengunjungi akun youtube milik rhoma irama yaitu rhoma irama official hasilnya video tersebut merupakan video rekayasa dengan menggunakan kecerdasan buatan atau artificial intelligence ai video aslinya tidak terkait dengan promosi situs judi online potongan video itu merupakan video dennis lim saat menjadi tamu di acara bisikan rhoma yang diunggah pada akun youtube rhoma irama official pada juli yang berjudul bisikan rhoma inspiratif cerita koh dennis lim dulu bandar judi sekarang jadi da i hoaks']"
73,99,73_polri_tni_tni polri_kepolisian,"['polri', 'tni', 'tni polri', 'kepolisian', 'mabes polri', 'humas polri', 'mabes', 'divisi', 'divisi humas', 'polda']","['broadcast mengatasnamakan brigjen pol dr dedi prasetyo tentang uu polri baru hoaks telah beredar broadcast informasi dengan yang kurang lebih berbunyi buat anggota tni sebentar lagi uu kami yang baru akan disahkan uu polri yang bisa nangkap kamu langsung memprores bap kamu da memenjarakan kamu di lapas sipil terima kasih pdi dan jokowi kalian telah mendukung cita cita niat dan keinginan polri masa kini broadcast ini disebar dengan mengatasnamakan karo penmas divisi humas polri brigjen pol dr dedi prasetyo m hum m si m m karo penmas divisi humas polri brigjen pol dr dedi prasetyo m hum m si m m melalui akun resmi divisi humas polri membantah serta menegaskan bahwa pihaknya tidak pernah membuat statement tersebut maka dapat dipastikan bahwa broadcast yang beredar tersebut adalah fitnah dan hoaks', 'mobilitas personel bin dan upaya pendeskreditan netralitas tni oleh polri dan bin hoaks di berbagai sosial media mengenai upaya oknum polri di bin untuk menjelekan tni agar terlihat tidak netral pada pemilu dalam beredar terdapat tni yang seakan menjadi tumbal untuk mewujudkan democrating policing mengenai informasi yang telah beredar di sosial media tersebut akun pusat penerangan tni dan divisi humas polri yang telah terverifikasi memberikan keterangan bahwa adalah menurut akun divisi humas polri postingan tersebut hanya bertujuan menghancurkan sinergitas tni polri yang sudah terjalin lama institusi polri dan tni bersikap netral dan keduanya melakukan operasi gabungan untuk mengamankan pemilu agar berjalan dengan aman dan kondusif', 'unggahan twitter mengatasnamakan divisi humas polri beredar tangkapan layar di facebook yang memperlihatkan unggahan twitter mengatasnamakan divisi humas polri dalam unggahan twitter itu dituliskan bahwa polri akan memberangus siapa saja yang mengganggu kerja presiden ri ir h joko widodo setelah ditelusuri diketahui unggahan yang mengatasnamakan divisi humas polri tersebut adalah atau hoaks humas polda papua melalui laman instagram resminya humaspoldapapua menegaskan bahwa divisi humas polri tidak pernah memposting seperti dalam unggahan yang beredar selain itu username akun resmi divisi humas polri pada twitter adalah divhumas polri hoaks']"
74,52,74_paru_rokok_paru paru_merokok,"['paru', 'rokok', 'paru paru', 'merokok', 'asap', 'oksigen', 'membersihkan', 'udara', 'berhenti', 'penyakit']","['rebusan daun kelor dan air kelapa membersihkan paru paru dari asap rokok di facebook yang mengeklaim bahwa rebusan daun kelor dan air kelapa ampuh membersihkan paru paru dari asap rokok dalam narasi menyebutkan pula bahwa ramuan tersebut mampu menyembuhkan berbagai penyakit paru paru disarankan agar daun kelor direbus dalam air kelapa hingga mendidih lalu diminum rutin setiap hari untuk mendapatkan khasiatnya adalah tempo co penelitian mengenai efektivitas ekstrak daun kelor memperbaiki kerusakan paru paru baru sebatas pada tikus model bukan pada manusia dokter spesialis paru rsud dr soetomo surabaya dr faradila nur aini sp p menegaskan bahwa belum ada riset yang mendukung klaim bahwa meminum rebusan air kelapa bersama daun kelor dapat mencuci paru paru secara instan agar paru paru tetap bersih cara terbaik adalah dengan segera berhenti merokok', 'ramuan bawang putih bisa bersihkan paru paru dari nikotin dan tar akibat rokok beredar di facebook sebuah informasi yang mengklaim bahwa ramuan bawang putih dan bahan bahan rempah lainnya memiliki khasiat untuk membersihkan dan membantu menghilangkan racun pada paru paru dari nikotin dan tar akibat kebiasaan merokok kompas com ketua umum perhimpunan dokter paru indonesia pdpi dr agus dwi santoso sp p k mengatakan informasi yang mengklaim bahwa ramuan bawang putih dapat membersihkan dan menghilangkan racun pada paru paru dari nikotin dan tar adalah karena belum ada bukti ilmiah terkait dr agus juga menambahkan kunci membersihkan paru paru dari nikotin dan tar bagi perokok adalah dengan menghentikan kebiasaan merokok jika kebiasaan merokok tidak dihentikan maka paru paru akan tetap kotor meski perokok meminum ramuan tersebut setiap hari hoaks', 'ramuan rebusan jahe kunyit kencur dan serai bersihkan paru paru dari asap rokok tiktok yang menampilkan cara membuat ramuan rebusan jahe kunyit kencur dan serai yang diklaim dapat membersihkan paru paru dari lendir dan asap rokok klaim paru paru kotor karena asap rokok dan polusi bisa hilang dengan ramuan rimpang dari rebusan jahe kunyit kencur dan serai tempo co belum ada produk yang terbukti efektif membersihkan paru paru secara instan beberapa bahan yang diklaim sebagai pembersih justru berisiko membahayakan kesehatan sejatinya paru paru memiliki mekanisme pembersihan mandiri salah satunya melalui batuk yang tidak selalu menandakan penyakit cara terbaik menjaga kesehatan paru paru adalah dengan menghindari racun seperti asap rokok vaping dan polusi kebiasaan merokok sendiri menyumbang persen kematian akibat kanker paru paru dan persen kematian karena penyakit paru obstruktif kronik ppok']"
75,210,75_pria_pembegalan_luka_wanita,"['pria', 'pembegalan', 'luka', 'wanita', 'begal', 'perempuan', 'pelaku', 'tangan', 'seorang pria', 'nenek']","['foto dan video korban tawuran di pekanbaru disinformasi di facebook foto dan video korban tawuran di pekanbaru yang mana pada unggahan tersebut terlihat luka serius yang dialami oleh para korban seperti tangan buntung punggung menganga dan lain halnya hal tersebut telah diklarifikasi oleh kabid humas polda riau akbp sunarto beliau mengatakan tak ada korban yang putus tangan seperti foto foto yang beredar saat ini dan juga tidak ada korban dengan sejumlah luka di bagian belakangnya seperti dalam video itu semua hoax yang ada di lapangan ada empat korban yaitu korban berinisial ra mengalami luka sayatan di bagian pergelangan tangan kanan a dibagian kepala dirawat di rs ibnu sina dan dua lainnya luka luka dirawat di rsud arifin ahmad kita himbau kepada masyarakat pengguna medsos untuk tidak menyebarkan ulang foto foto dan video tersebut sebab hal ini akan memperuncing persoalan yang sebenarnya tidak sedemikian adanya', 'foto korban begal di sowak simpur beredar postingan di facebook yang memperlihatkan foto seorang perempuan dengan banyak luka dengan narasi postingan menyebutkan perempuan tersebut adalah korban begal yang terjadi di suka bangun sowak simpur informasi mengenai korban begal tersebut adalah setelah dilakukan penelusuran oleh team hunter polrestabes palembang perempuan dalam postingan yang beredar itu bukan korban aksi begal melainkan korban kecelakaan lalu lintas disinformasi', 'foto korban begal hingga kaki putus di wilayah entikong foto yang diunggah oleh salah satu pengguna whatsapp unggahan itu menampilkan foto seorang yang diklaim sebagai korban pembegalan di wilayah entikong sanggau kalimantan barat korban tersebut mengalami luka serius akibat tindak kejahatan begal yang mengakibatkan kakinya terputus informasi yang menjelaskan tentang korban pembegalan di entikong pada unggahan whatsapp tersebut adalah pada milik polsek entikong diklarifikasi bahwa tidak ditemukan kasus pembegalan dengan foto korban seperti yang terlihat pada unggahan foto tersebut pihak polsek entikong juga mengimbau agar masyarakat tidak mudah membagikan informasi yang belum jelas kebenarannya hoaks']"
76,79,76_ponsel_hp_smartphone_chip,"['ponsel', 'hp', 'smartphone', 'chip', 'handphone', 'listrik', 'sirkuit', 'pedulilindungi', 'jne', 'sim']","['menempelkan dua peniti bisa memperkuat sinyal ponsel di tiktok yang membagikan video memperlihatkan seseorang yang memasang dua peniti dengan posisi berlawanan pada bagian belakang ponsel metode ini diyakini mampu meningkatkan kekuatan sinyal ponsel dibandingkan sebelumnya salah tempo co yang mewawancarai beberapa akademisi yang ahli di bidang jaringan dan telekomunikasi hasilnya yang berdasarkan analisis dua peneliti menyatakan kepala laboratorium telekomunikasi multimedia di fakultas teknik universitas jember ir widya cahyadi s t m t menjelaskan bahwa menempelkan logam seperti peniti ke perangkat ponsel apalagi dengan posisi acak tidak akan meningkatkan kualitas sinyal tindakan tersebut justru berpotensi mengganggu fungsi antena internal ponsel dan menimbulkan interferensi menurut widya bentuk dan material dari jarum peniti tidak memenuhi standar desain antena yang digunakan dalam perangkat telekomunikasi sistem antena pada ponsel dirancang dengan memperhitungkan interaksi elektromagnetik secara presisi ia menekankan bahwa klaim semacam ini tidak bisa dibuktikan tanpa riset ilmiah yang jelas dan terukur hoaks', 'seorang pria tersengat listrik karena minum air sambil charging hp video di facebook yang memperlihatkan seorang pria tersengat listrik saat mengisi baterai ponselnya narasi video itu mengklaim pria tersebut tersengat listrik karena minum air sambil charging baterai ponsel kompas com video yang diklaim memperlihatkan seorang pria tersengat listrik karena minum air saat charging baterai ponsel laman pemeriksa fakta india boomlive in menyebutkan bahwa video yang tampak seperti rekaman cctv itu merupakan rekayasa sementara itu afp fact check menyebutkan larangan menggunakan ponsel saat charging karena gelombang listrik akan menyengat tubuh adalah keliru frekuensi saluran daya listrik dalam jumlah kecil saat charging ponsel umumnya tidak berbahaya risiko terbesar muncul saat charging ponsel menggunakan pengisi daya tiruan hal itu dapat menyebabkan ponsel terbakar hoaks', 'cara deteksi ponsel disadap menggunakan nomor imei pesan cara mendeteksi ponsel yang disadap di dalam pesan tersebut dijelaskan bahwa cara mendeteksi ponsel yang disadap dengan menggunakan nomor imei dalam narasi postingan tersebut dijelaskan bahwa cara mengecek nomor imei di ponsel adalah dengan ketik jika tertera nomor imei yang disertai dengan garis miring angka sebagai contoh berarti ponsel kita sedang dipantau atau diawasi tim cyber mabes polri jika tertera angka berarti anda sudah masuk dalam target penyergapan masyarakat dihimbau agar mengurangi aktifitas di facebook dengan tidak memposting atau mengkritik pemerintahan sekarang demikian penggalan dari narasi berdasarkan postingan tersebut berdasarkan penelusuran klaim mengenai cara deteksi ponsel kita disadap menggunakan nomor imei adalah kementerian komunikasi dan informatika telah melakukan klarifikasi terkait dan dijelaskan bahwa nomor imei selular dapat diketahui dengan cara menekan sementara dua digit terakhir yang dilambangkan dengan atau adalah nomor versi perangkat lunak dan bukan pertanda ponsel sedang disadap hoaks']"
77,48,77_hiv_aids_virus_darah,"['hiv', 'aids', 'virus', 'darah', 'virus hiv', 'hepatitis', 'penularan', 'tusuk', 'penyakit', 'suntik']","['tusuk gigi bisa sebarkan aids hoaks di media sosil yang cukup meresahkan masyarakat pesan dari berisikan ancaman penyebaran hiv melalui tusuk gigi terkait hal tersebut pihak bali post langsung menanyakan pendapat ketua vct rs sanglah prof dr dr k tuti parwati merati sp pd yang sudah lama berkecimpung menangani dan mengenal virus berbahaya ini menurutnya virus hiv menginfeksi lewat penularan langsung atau direct infection ada dua penularan utama yaitu lewat darah dan cairan kelamin oleh karena itu pemakaian jarum suntik dalam hal ini pengguna narkoba yang suntik bergantian berpotensi besar menularkan hiv karena langsung lewat pembuluh darah sementara untuk hubungan seksual penularan virus melalui mikrolesi atau luka yang terjadi akibat hubungan seksual lebih lanjut mengenai tusuk gigi yang terkena darah penderita hiv menurut tuty masyarakat tidak perlu panik virus hiv biasanya langsung mati jika berada di luar tubuh inangnya waktu kematiannya tergantung dari cepat atau lambat keringnya media pengantar virus tersebut dalam hal ini darah atau cairan sperma sebagai contoh jika ada setetes darah penderita hiv jatuh ke lantai dan langsung kering seiring dengan keringnya darah virus hiv juga ikut mati hal yang sama juga berlaku untuk tusuk gigi apalagi jika darah yang menempel sudah diusap oleh pelaku sehingga darah sudah kering dan virus otomatis mati namun tuty berharap agar masyarakat lebih waspada dengan hal kecil terutama yang berhubungan dengan kesehatan meski tusuk gigi yang habis pakai tidak menularkan hiv tetapi bisa menyebabkan penyakit lain saran saya kalau mau pakai tusuk gigi lebih diperhatikan apakah sudah pernah dipakai atau tidak karena tusuk gigi habis pakai bisa saja menularkan penyakit lain papar tuty', 'penularan hiv aids melalui nanas telah di yang menceritakan bahwa bocah lelaki berusia tahun terinfeksi hiv aids setelah makan buah nanas dari pedagang pinggir jalan dalam narasinya dijelaskan bahwa penyebaran tersebut dari darah pedagang nanas yang disebarkan ke buah setelah ditelusuri lebih lanjut informasi penularan hiv melalui darah yang ditularkan ke nanas adalah tidak ada kabar atau berita terkait bocah yang terinfeksi virus hiv seperti yang dimaksud dalam pesan tersebut seseorang tidak dapat terinfeksi hiv walaupun dia mengkonsumsi makanan yang mengandung darah yang terinfeksi hiv karena virus hiv akan langsung mati ketika keluar dari tubuh penderitanya penularan hiv biasanya karena hubungan seks penggunaan jarum suntik persalinan atau menyusui dan bisa juga melalui transfusi darah hoaks', 'pisau cukur dapat tularkan virus hiv disinformasi banyak beredar kabar tentang penularan virus hiv aids sehingga cukup membuat masyarakat resah diantaranya postingan postingan di media soaial yang menyebutkan benda benda apa saja yang dapat menularkan virus hiv aids tersebut salah satunya adalah pisau cukur dalam postingan postingan tersebut dijelaskan bahwa pisau cukur dapat terkena luka dan darah pemakainya dan jika dipinjamkan kepada orang lain maka virus hiv aids dapat menular terkait hiv dokter adyana esti tenaga medis klinik angsamerah jakarta yang berkecimpung dalam dunia hiv aids menjelaskan banyak mitos dan juga hoaks terkait cara penularan hiv aids diantaranya penularan melalui jarum pisau cukur sampai dengan ciuman adapun memakai pisau cukur secara bergantian dengan odha orang dengan hiv aids tidak akan menularkan virus sebab virus mudah mati jika di udara bebas dokter adyana mengingatkan lebih lanjut agar tidak memakai secara bergantian karena alasan kebersihan']"
78,46,78_monyet_cacar_cacar monyet_virus,"['monyet', 'cacar', 'cacar monyet', 'virus', 'penyakit', 'nyamuk', 'wolbachia', 'vaksin', 'manusia', 'vaksin covid']","['warga indonesia terkena virus cacar monyet disinformasi diunggah sebuah foto yang diklaim sebagai warga indonesia yang terneka virus monkeypox atau yang biasa disebut cacar monyet dijelaskan pula bahwa virus tersebut dibawa oleh wna yang masuk pada wilayah indonesia menurut direktur jenderal pencegahan dan pengendalian penyakit kemenkes anung sugihantono dalam keterangan pers pada mei menjelaskan bahwa meminta masyarakat untuk tidak panik karena penyakit monkeypox atau cacar monyet yang baru ditemukan di singapura kemenkes memastikan belum ada kasus cacar monyet yang ditemukan di indonesia akan tetapi menurut anung masyarakat indonesia harus tetap waspada dan menjaga kebersihan guna mencegah penyebaran virus cacar monyet kan cacar monyet belum ditemukan di indonesia pakar ugm imbau warga indonesia tak khawatir page all', 'amerika serikat menggunakan burung untuk mengirim virus cacar monyet ke asia facebook yang mengklaim bahwa amerika serikat as menggunakan burung untuk mengirim virus cacar monyet ke wilayah asia unggahan tersebut juga menyebutkan untuk berhati hati jika melihat burung yang tidak bisa terbang dan berjalan karena dianggap dapat menularkan cacar monyet liputan6 com cacar monyet teridentifikasi pertama kali menyerang manusia pada tahun di kongo organisasi kesehatan dunia who sama sekali tidak menyebutkan burung sebagai salah satu hewan penyebab penyebaran virus cacar monyet hanya saja mereka mengimbau agar masyarakat mengurangi kontak fisik dengan hewan liar terutama yang sedang sakit atau sudah mati sejalan dengan who pusat pengendalian dan pencegahan penyakit as cdc juga menyebutkan bahwa jenis unggas dan reptil sangat kecil kemungkinannya terpapar virus cacar monyet hoaks', 'penyakit cacar monyet sama dengan penyakit kusta di facebook sebuah informasi terkait penyakit cacar monyet yang diklaim sama dengan penyakit kusta pada unggahan tersebut juga terdapat foto seorang laki laki yang bagian belakang badannya terdapat bercak bercak kompas com klaim yang menyebutkan bahwa penyakit cacar monyet sama dengan kusta adalah perbedaan penyakit cacar monyet dengan kusta adalah dari sumbernya penyakit kusta disebabkan oleh bakteri sedangkan cacar monyet disebabkan oleh virus laman the conversation associate professor colorado state university john stewart spencer menjelaskan penyakit kusta sudah ada sejak sekitar tahun silam bakteri penyebab kusta dapat menetas selama tiga hingga lima tahun sebelum gejala muncul gejala utama dari penyakit ini adalah kerusakan saraf yang dapat bersifat permanen dan melumpuhkan disertai lesi jaringan kulit kusta sulit ditularkan dari satu orang ke orang lain meskipun dapat ditularkan melalui droplet saluran pernapasan seperti batuk adapun bakteri penyebab kusta pada kasus modern ditemukan pada hewan armadillo di amerika serikat as sedangkan cacar monyet disebabkan oleh virus dari famili yang sama dengan virus cacar smallpox cacar monyet pertama kali diidentifikasi pada bayi berusia bulan di republik demokratik kongo pada organisasi kesehatan dunia who mencatat sebelum menjadi wabah penyakit ini biasanya dikaitkan dengan kontak langsung dengan hewan yang membawanya seperti monyet hijau afrika dan penularan selanjutnya manusia ke manusia hoaks']"
79,39,79_pasar_penutupan_ditutup_tutup,"['pasar', 'penutupan', 'ditutup', 'tutup', 'penyemprotan', 'disinfektan', 'penyemprotan disinfektan', 'corona', 'kartu prakerja', 'pedagang']","['pasar andir ditutup akibat corona di facebook bahwa pasar andir sebagian toko sudah tutup dan akan banyak yang tutup lagi pengambilan barang ditunggu secepatnya dikarenakan banyak wabah covid dan jangan khawatir pesan barang bisa dikirim lewat toko langsung atau chat yang mau gabung di whatsapp hal tersebut dibantah oleh direktur utama pd pasar kota bandung heri heryawan ia menjelaskan bahwa isu mengenai penutupan pasar cicaheum dan pasar andir atau hoaks selain itu heri menambahkan sampai saat ini tidak ada penutupan pasar tradisional yang dilakukan oleh pemkot bandung hoaks', 'pasar citraland tutup hari pasar genteng hari telah melalui twitter dengan narasi pasar citraland tutup hari pasar genteng hari pasar kapasan jg tutup mulai besok mulai berhemat sisa daging yg ada di freezer pasar lain2nya jg mulai tutup loh info dr ss tadi pagi muhammad fikser kepala dinas komunikasi dan informatika diskominfo kota surabaya membantah kabar yang menyebutkan pasar pasar di surabaya ditutup menurutnya baik pasar maupun pusat perdagangan lain di surabaya tidak ditutup tapi menerapkan standar kesehatan maksimum seperti yang tertuang di surat edaran wali kota surabaya nomor hoaks', 'penutupan pasar induk jakabaring palembang beredar pesan berantai di whatsapp yang menyebutkan bahwa pasar induk jakabaring ditutup selama minggu dalam pesan tersebut dijelaskan penutupan pasar induk karena ada penyemprotan disinfektan direktur utama dirut pd pasar palembang jaya abdul rizal menyatakan bahwa informasi penutupan pasar induk untuk pencegahan corona tersebut hoaks karena sampai saat ini seluruh pasar tradisional tetap buka seperti biasa hoaks']"
80,105,80_anies_anies baswedan_baswedan_dki,"['anies', 'anies baswedan', 'baswedan', 'dki', 'dki jakarta', 'gubernur', 'gubernur dki', 'jakarta anies', 'penghargaan', 'foto anies']","['anies baswedan ditahan selama hari unggahan video di facebook yang mengeklaim bahwa mantan gubernur daerah khusus ibukota dki jakarta anies baswedan ditahan selama hari dalam thumbnail video termuat gambar anies baswedan mengenakan rompi oranye dengan narasi di tahan hari ke depan nasib anies berakhir tr4gis ditangan sri mulyani kompas com adalah keliru diketahui bahwa gambar yang termuat pada thumbnail merupakan hasil suntingan dan identik dengan gambar dalam artikel yang dirilis oleh liputan6 com pada februari sementara itu narator dalam unggahan video hanya membacakan artikel terkait polemik yang dimiliki anies baswedan dan menteri keuangan sri mulyani atas anggaran bantuan sosial bansos di dki jakarta sampai saat ini tidak ditemukan informasi yang kredibel terkait penahanan anies baswedan selama hari sebagaimana klaim pada unggahan video tersebut disinformasi', 'anies baswedan susul trump positif covid sebuah akun facebook diketahui mengunggah mengklaim bahwa gubernur dki jakarta anies baswedan positif covid unggahan tersebut memuat tulisan anies susul trump positif covid klaim yang menyebut gubernur anies baswedan positif covid adalah liputan6 com wakil gubernur dki jakarta ahmad riza patria atau ariza membantah kabar anies baswedan tengah sakit lantaran terinfeksi corona covid ahmad riza patria menegaskan bahwa anies baswedan dalam keadaan sehat dan tidak terkonfirmasi covid hoaks', 'rumah anies baswedan disita negara unggahan video di facebook yang mengeklaim bahwa rumah mantan gubernur dki jakarta anies baswedan disita oleh negara klaim yang menyatakan bahwa rumah mantan gubernur dki jakarta anies baswedan disita oleh negara adalah kompas com sang narator dalam unggahan video hanya membacakan artikel milik seword com yang memuat opini bahwa terpilihnya anies baswedan dalam pemilihan umum pemilu tahun mendatang akan menjadi keuntungan bagi mafia minyak dan gas bumi migas cuplikan cuplikan video yang termuat pada unggahan video pun tidak berkaitan dengan narasi perihal penyitaan rumah anies baswedan adapun salah satu cuplikan videonya justru memuat video presiden joko widodo jokowi dalam pertemuan tahunan bank indonesia pada yang diunggah oleh kanal youtube sekretariat presiden sampai saat ini belum ada pemberitaan resmi terkait rumah anies baswedan disita oleh negara disinformasi']"
81,62,81_toyota_giveaway_motor_honda,"['toyota', 'giveaway', 'motor', 'honda', 'hadiah', 'alfamart', 'astra', 'unit', 'yamaha', 'mengadakan giveaway']","['hadiah mobil dalam rangka tahun baru dari toyota beredar di facebook sebuah unggahan yang menjanjikan hadiah mobil toyota fortuner dalam rangka tahun baru dengan mengetik warna favorit pada kolom komentar sebelum januari unggahan tersebut diunggah oleh akun yang mengatasnamakan toyota informasi mengenai pembagian hadiah mobil toyota fortuner dalam rangka tahun baru tersebut adalah kompas com pihak toyota indonesia mengonfirmasi bahwa akun tersebut bukan merupakan akun resmi toyota indonesia memiliki akun facebook twitter dan instagram dengan nama toyotaid adapun berdasarkan penelusuran melalui situs resmi toyota indonesia yakni toyota astra co id dan toyota co id tidak ditemukan pengumuman pembagian hadiah seperti yang beredar di hoaks', 'giveaway toyota alphard jelang hut ke ri beredar di facebook sebuah akun mengatasnamakan toyota indonesia yang disertai dengan unggahan yang mengklaim bahwa toyota indonesia mengadakan giveaway dengan hadiah dua unit mobil toyota alphard dalam rangka merayakan hari ulang tahun hut ke republik indonesia kompas com head of media relation pt toyota astra motor dimas aska menegaskan bahwa program tersebut bukan program resmi dari toyota indonesia semua program resmi terkait konsumen pasar ataupun informasi lainnya hanya disampaikan melalui kanal resmi toyota indonesia yakni situs resmi toyota indonesia youtube toyota indonesia instagram toyotaid dan facebook toyotaid pihaknya mengimbau masyarakat untuk berhati hati terhadap informasi yang mengatasnamakan toyota indonesia hoaks', 'pt toyota astra motor membagikan toyota hilux melalui akun facebook di facebook yang mengeklaim pt toyota astra motor akan membagikan mobil toyota hilux kabar tersebut dibagikan oleh akun facebook toyota alphard fans club kabar pt toyota astra motor membagikan mobil toyota hilux adalah turnbackhoax id akun facebook resmi pt toyota astra motor adalah toyotaid pada akun resminya tidak ditemukan pengumuman pembagian hadiah seperti yang beredar di selain itu berdasarkan penelusuran melalui situs resmi pt toyota astra motor yakni toyota astra co id dan toyota co id juga tidak ditemukan pengumuman pembagian hadiah seperti yang beredar di hoaks']"
82,39,82_jembatan_ambruk_roboh_diterjang,"['jembatan', 'ambruk', 'roboh', 'diterjang', 'detik detik', 'dibangun', 'pembangunan', 'barito', 'kemayoran', 'kaca']","['video jembatan macau hongkong bergoyang postingan video di tentang sebuah jembatan yang bergoyang dan di klaim bahwa jembatan tersebut adalah jembatan macau hongkong setelah ditelusuri klaim bahwa jembatan yang bergoyang di video tersebut adalah jembatan macau hongkong video tersebut bukan jembatan di hongkong melainkan jembatan di kota humen di provinsi guangdong tiongkok disinformasi', 'jembatan kandangan ke arah pare ambruk unggahan video di facebook yang diklaim memperlihatkan jembatan ambruk di kandangan kabupaten kediri jawa timur narasi pada unggahan tersebut mengklaim bahwa jembatan yang roboh dan hanyut tersebut merupakan jembatan kandangan yang menghubungkan antara kandangan dengan pare kompas com cuplikan video serupa sudah pernah diberitakan pada april jembatan dalam video tersebut merupakan jembatan lama kambaniru kabupaten sumba timur nusa tenggara timur yang ambruk pada april jembatan tersebut sudah lama tidak digunakan kembali kepala kepolisian sektor kandangan inspektur satu wahyu hariyadi memastikan bahwa jembatan kandangan yang berdiri di atas kali konto terpantau aman disinformasi', 'jembatan suramadu saat diterjang ombak besar hoaks telah banyak video di yang memperlihatkan jembatan yang sedang diterjang ombak yang besar jembatan yang ada dalam video tersebut diklaim jembatan suramadu yang menghubungkan pulau jawa dan madura setelah ditelusuri lebih lanjut jembatan yang ada dalam video tersebut bukanlah jembatan suramadu seperti yang diklaim oleh salah satu akun di tersebut jembatan ini merupakan the bandra worli sea link yaitu jembatan yang berada di mumbai india']"
83,71,83_tol_jalan tol_longsor_jalur,"['tol', 'jalan tol', 'longsor', 'jalur', 'amblas', 'lintas', 'kemacetan', 'lalu lintas', 'arus', 'cikampek']","['jalan tol cipularang km terancam putus karena longsor beredar di informasi bahwa telah terjadi longsor di jalan tol cipularang km yang dapat mengakibatkan jalan tol putus sesuai press release dari pt jasa marga persero tbk tanggal februari bahwa kejadian longsor di jalan tol cipularang terancam putus adalah general manager purbaleunyi pt jasa marga pratomo bimawan putra memastikan jalan tol cipularang aman dilalui pengguna jalan dan pihaknya telah melakukan pengamanan sementara dengan memasang dolken cerucuk dan sandbag serta menyiagakan petugas untuk monitoring dan antisipasi pengamanan di lokasi sekitar pembersihan saluran drainase serta memasang rambu rambu dan berkoordinasi dengan pihak kepolisian disinformasi', 'video kemacetan arus mudik di jalan tol pada april beredar di sebuah video yang memperlihatkan adanya kemacetan kendaraan yang cukup panjang di sebuah jalan tol dan disebut sebagai arus mudik lebaran pada sabtu april liputan6 com menurut pihak jasa marga kejadian tersebut diambil di jalan tol jagorawi km arah jakarta pada maret sebelum bulan ramadan corporate communication and community development group head pt jasa marga persero tbk dwimawan heru santoso menjelaskan bahwa kemacetan panjang itu terjadi dikarenakan pemberlakuan satu arah dari wilayah puncak menuju ke arah jakarta sehingga berimbas terjadinya kemacetan panjang disinformasi', 'video arus mudik lebaran tahun kembali video di yang menunjukkan kepadatan arus lalu lintas di sebuah jalan tol disebutkan bahwa kepadatan arus lalu lintas tersebut merupakan lalu lintas arus mudik lebaran tahun klaim yang menyatakan bahwa terdapat kepadatan arus lalu lintas di sebuah jalan tol pada arus mudik lebaran tahun adalah keliru kominfo go id kepadatan arus lalu lintas tersebut terjadi pada maret di jalan tol jakarta bogor ciawi jagorawi km arah jakarta selain itu dari pantauan kamera pengawas hingga kamis april sore arus lalu lintas sekitar tol jagorawi km km terpantau lengang dan belum begitu dipadati oleh kendaraan sebagaimana informasi yang beredar masyarakat dapat mengakses informasi seputar mudik lebaran dan memantau situasi lalu lintas dari kamera pengawas di beberapa lokasi melalui laman s id mudiklebaran disinformasi']"
84,39,84_kereta_kereta api_api_kereta cepat,"['kereta', 'kereta api', 'api', 'kereta cepat', 'cepat', 'pt kereta', 'whoosh', 'kai', 'stasiun', 'berhenti']","['kecelakaan kereta cepat jakarta bandung video di twitter berdurasi menit detik yang memperlihatkan rangkaian kereta cepat tergelincir dari rel unggahan tersebut dilengkapi menyebut bahwa kereta yang mengalami kecelakaan tersebut merupakan kereta cepat jakarta bandung dalam narasi juga menyatakan berita tentang kecelakaan kereta cepat itu tidak boleh ditayangkan di televisi babel antaranews com tayangan detik pertama pada twitter itu bukan merupakan kecelakaan kereta cepat jakarta bandung melainkan video kecelakaan kereta yang terjadi di barat laut spanyol pada juli yang menewaskan orang sementara narasi suara dalam unggahan video twitter itu berasal dari akun youtube rocky gerung dengan judul kecelakaan di proyek ka cepat china ada yang coba ditutup tutupi dalam unggahannya rocky gerung mengatakan kecelakaan kereta cepat jakarta bandung tersebut berusaha ditutupi pemerintah kecelakaan kereta yang disebut rocky gerung itu merupakan peristiwa pada desember saat berlangsung pemasangan rel di kabupaten bandung barat dan bukan peristiwa kecelakaan kereta seperti yang tampak pada detik pertama video di twitter itu disinformasi', 'pt kai sudah milik china menjadi pt kereta cepat indonesia china disinformasi akun facebook menyebarkan video dengan thumbnail yang menyebut bahwa pt kai sudah milik china video tersebut menampilkan sebuah pembatas proyek dengan label pt kereta cepat indonesia china video tersebut disertai juga dengan mempertanyakan mengenai dokumen negara yang diangkut kontainer bertuliskan huruf china serta pt kereta api yang berubah menjadi pt kereta api indonesia china narasi tersebut memperkirakan akan ada revolusi jihat kalau seperti ini tidaklah benar pt kereta cepat indonesia china merupakan perusahaan dengan jenis konsorsium pembiayaan bersama suatu proyek atau perusahaan yang dilakukan oleh dua lembaga atau lebih antara bumn indonesia dengan china railways dengan skema business to business b2b dimana persen sahamnya dikuasai oleh pt pilar sinergi bumn indonesia psbi dan persen sisanya dikuasai oleh china railway indonesia cri pt pilar sinergi bumn indonesia sendiri merupakan konsorsium bumn yaitu pt kereta api indonesia pt kai pt wijaya karya tbk pt jasa marga tbk dan pt perkebunan nusantara ptpn viii pt kereta cepat indonesia china adalah operator jaringan kereta cepat indonesia yang rencananya akan bermula dari proyek kereta cepat jakarta bandung sehingga kabar mengenai perubahan nama pt kai menjadi pt kereta cepat indonesia china merupakan informasi hasil fabrikasi yang salah dan menyebabkan disinformasi kepada publik', 'video kereta api ditilang polisi unggahan video di twitter yang diklaim merupakan video kereta api yang sedang dalam keadaan berhenti di tengah jalur dan dihampiri oleh seorang petugas berseragam coklat seperti seorang polisi unggahan tersebut menarasikan kereta api tersebut terkena tilang kompas com unggahan video yang diklaim merupakan video kereta api yang sedang ditilang oleh polisi tersebut adalah manager humas pt kereta api indonesia daerah operasi bandung kuswardoyo meluruskan bahwa petugas berseragam cokelat dalam video tersebut merupakan petugas keamanan security dari stasiun bukan polisi mengenai kejadian kereta api yang berhenti di tengah jalur tersebut juga dijelaskan oleh kuswardoyo bahwa kereta api berhenti karena tertahan sinyal berupa semboyan s7 saat hendak masuk ke wilayah stasiun pada video tersebut diduga terdapat gangguan sinyal sehingga pengatur perjalanan kereta api ppka memberikan bentuk melanggar sinyal ms di mana ms tersebut merupakan izin dari ppka kepada masinis yang menyatakan bahwa emplasemen dalam keadaan aman tetapi sinyal tidak dapat ditarik aman karena ada gangguan pada sistem persinyalan tersebut jadi petugas keamanan stasiun pada video itu sebenarnya sedang menyerahkan bentuk ms kepada masinis kereta api tersebut disinformasi']"
85,61,85_bp2mi_migran_pekerja migran_pekerja,"['bp2mi', 'migran', 'pekerja migran', 'pekerja', 'migran indonesia', 'bantuan', 'juta', 'tki', 'dana', 'indonesia bp2mi']","['informasi penempatan cpmi dengan mekanisme ssw mengatasnamakan bp2mi terkait penempatan calon pekerja migran indonesia cpmi dengan mekanisme tokute ginou jisshusei atau specified skilled workers ssw mandiri mengatasnamakan badan pelindungan pekerja migran indonesia bp2mi disebutkan bahwa mulai januari setiap orang yang ingin bekerja di negara jepang harus melalui perusahaan penempatan pekerja migran indonesia p3mi badan pelindungan pekerja migran indonesia dbp2mi melalui akun instagram resmi bp2mi ri menyebut bahwa informasi yang beredar adapun untuk informasi resmi mengenai pekerja migran indonesia dapat diakses melalui situs dan resmi bp2mi hoaks', 'bansos rp150 juta untuk pekerja migran indonesia di mengatasnamakan badan perlindungan pekerja migran indonesia bp2mi yang akan memberikan bantuan sosial bansos tahun berupa uang sebesar rp150 juta kepada setiap pekerja migran indonesia kepala biro hukum dan humas bp2mi hadi wahyuningrum memastikan informasi itu alias hoaks lembaga bp2mi tidak pernah mengeluarkan program bansos kepada pekerja migran indonesia seperti informasi yang beredar ia juga memastikan bahwa akun yang menyebarkan bukan akun resmi milik bp2mi yang sengaja dibuat untuk menyebarkan informasi hoaks dan penipuan wahyuningrum mengimbau kepada semua pihak terkhusus para calon pekerja migran indonesia untuk tidak memercayai informasi terkait bansos tersebut dan apabila membutuhkan informasi yang akurat dapat melalui resmi dan call center atau bisa juga langsung mendatangi kantor bp2mi baik di pusat maupun bp3mi yang ada di daerah hoaks', 'informasi bantuan untuk pekerja migran indonesia mengatasnamakan bp2mi beredar di facebook sebuah unggahan berisi informasi mengenai bantuan untuk pekerja migran indonesia pmi mengatasnamakan badan perlindungan pekerja migran indonesia bp2mi pada unggahan tersebut disebutkan tentang pencairan dana bantuan dari kantor bp2mi sebesar rp150 juta dan penerima bantuan diharapkan segera melaporkan identitas lengkap informasi mengenai bantuan untuk pekerja migran indonesia mengatasnamakan bp2mi tersebut adalah timesindonesia co id kepala kantor bp2mi banyuwangi muhammad iqbal mengonfirmasi bahwa karena bp2mi tidak memiliki program yang bernilai hingga ratusan juta pihaknya mengimbau kepada setiap pmi agar lebih berhati hati dalam mencerna informasi setiap informasi mengenai bp2mi khususnya yang berkaitan dengan hukum akan diumumkan secara resmi melalui laman bp2mi go id hoaks']"
86,53,86_pinjaman_pinjaman online_bank_bank indonesia,"['pinjaman', 'pinjaman online', 'bank', 'bank indonesia', 'bni', 'bri', 'pinjaman dana', 'ksp', 'online mengatasnamakan', 'penawaran pinjaman']","['informasi pinjaman dana online mengatasnamakan bank indonesia beredar tangkapan layar pesan berantai whatsapp yang berisi informasi bahwa bank indonesia memberikan pinjaman dana untuk masyarakat secara online juga menyertakan bukti berupa status pinjaman yang disetujui melalui sebuah website sebesar rp10 juta bank indonesia melalui laman instagram resminya bank indonesia menegaskan bahwa informasi yang beredar tersebut adalah atau hoaks bank indonesia adalah bank sentral yang tidak melakukan kegiatan komersial seperti memberikan pinjaman dana kepada masyarakat termasuk pinjaman online pihaknya juga mengimbau kepada masyarakat untuk berhati hati dan memastikan bahwa lembaga pemberi pinjaman telah berizin dari otoritas terkait hoaks', 'akun pinjaman online mengatasnamakan bank indonesia akun pinjaman online pada platform facebook yang mengatasnamakan bank indonesia akun tersebut juga mencantumkan nomor whatsapp dan berbagai jenis penawaran pinjaman uang melalui akun instagram resminya bank indonesia menegaskan bahwa akun tersebut adalah akun palsu alias bukan resmi milik bank indonesia selain itu bank indonesia juga menjelaskan bahwa sebagai bank sentral pihaknya tidak berperan sebagai bank komersial sehingga tidak memberikan jenis pinjaman apapun kepada masyarakat hoaks', 'pinjaman uang online mengatasnamakan bank indonesia informasi yang dibagikan oleh nomor whatsapp mengenai pinjaman uang online sebuah koperasi yang mengaitkan dengan bank indonesia nomor whatsapp tersebut juga berkomunikasi dengan nasabah dan meminta sejumlah uang informasi pinjaman uang online yang mengaitkan dengan bank indonesia tersebut adalah pada akun instagram resmi milik bank indonesia bank indonesia ditegaskan bahwa nomor dan informasi pinjaman uang online tersebut bank indonesia tidak terlibat dalam kegiatan komersial dan tidak bekerja sama dengan instansi lainnya dalam penyelenggaraan pinjaman online hoaks']"
87,103,87_jenazah_bunuh diri_bunuh_pemakaman,"['jenazah', 'bunuh diri', 'bunuh', 'pemakaman', 'mayat', 'mati', 'bom bunuh', 'peti', 'bom', 'peti mati']","['bunuh diri loncat dari gedung transmart sidoarjo disinformasi telah postingan yang berisi video bunuh diri loncat dari gedung transmart sidoarjo setelah ditelusuri video tersebut merupakan video kejadian bunuh diri yang terjadi di gedung transmart bandar lampung', 'bos toko di roxy mas bunuh diri akibat pandemi covid beredar postingan di facebook sebuah video dua orang bunuh diri dengan melompat dari sebuah gedung video tersebut diiringi narasi di roxy mas jkt bos toko bunuh diri loncat dari atas yg cowok dulu menyusul bininya katanya frustasi dagang sepi hutang banyak ga bisa bayar dampak covid kumparan com kapolsek gambir akbp kade budiarta membantah ia mengatakan video itu merupakan video lama namun kade budiarta tidak memberikan rincian siapa dua orang yang melompat bunuh diri itu termasuk dengan penyebab mereka bunuh diri disinformasi', 'video bunuh diri yang terjadi di mayasari plazac disinformasi telah beredar di youtube video bunuh diri seseorang dari rooftop kejadian tersebut di labelkan dengan location tag di mayasari plaza tasikmalaya video tersebut berdurasi detik tepat saat terjadinya aksi lompat bunuh diri video tersebut adalah potongan video dari aksi bunuh diri yang terjadi di transmart way halim lampung yan terjadi pada tanggal februari dan diberi location tag di mayasari plaza jadi terkait informasi mengenai aksi bunuh diri yang terjadi di mayasari plaza adalah']"
